,n,p,d,seed,param,RMSE
0,250,10,1,0,coef,0.04831572607190555
1,250,10,1,0,sigma,0.16464209319169978
2,250,10,1,1,coef,0.08738441642989854
3,250,10,1,1,sigma,0.14933051908870812
4,250,10,1,2,coef,0.07916751283987276
5,250,10,1,2,sigma,0.11864522712757132
6,250,10,1,3,coef,0.05771945374739896
7,250,10,1,3,sigma,0.12680768590818725
8,250,10,1,4,coef,0.05398521459515693
9,250,10,1,4,sigma,0.13714776727978417
10,250,10,1,5,coef,0.07774676890617686
11,250,10,1,5,sigma,0.1636101141286317
12,250,10,1,6,coef,0.10832450385334823
13,250,10,1,6,sigma,0.14435617655143368
14,250,10,1,7,coef,0.07944544489769197
15,250,10,1,7,sigma,0.16834355854711613
16,250,10,1,8,coef,0.12386938188605345
17,250,10,1,8,sigma,0.21292896866429947
18,250,10,1,9,coef,0.08082372309307319
19,250,10,1,9,sigma,0.1404696538646552
20,250,10,1,10,coef,0.07583637902357943
21,250,10,1,10,sigma,0.175036135321716
22,250,10,1,11,coef,0.08870781538243332
23,250,10,1,11,sigma,0.16154622263498286
24,250,10,1,12,coef,0.0870334025227427
25,250,10,1,12,sigma,0.16784434304230061
26,250,10,1,13,coef,0.11525966835454472
27,250,10,1,13,sigma,0.15602272893383928
28,250,10,1,14,coef,0.07626028948326706
29,250,10,1,14,sigma,0.14656695374395218
30,250,10,1,15,coef,0.1368086387177125
31,250,10,1,15,sigma,0.1643129269961166
32,250,10,1,16,coef,0.10165718655776393
33,250,10,1,16,sigma,0.1664300672349224
34,250,10,1,17,coef,0.11229665192813315
35,250,10,1,17,sigma,0.15303219257554657
36,250,10,1,18,coef,0.0879472894699222
37,250,10,1,18,sigma,0.13279436200972203
38,250,10,1,19,coef,0.09091817818651199
39,250,10,1,19,sigma,0.15709286734011738
40,250,10,2,0,coef,0.22272294760049158
41,250,10,2,0,sigma,0.17468310986132737
42,250,10,2,1,coef,0.18333249606516852
43,250,10,2,1,sigma,0.20326268472217418
44,250,10,2,2,coef,0.14195278050085242
45,250,10,2,2,sigma,0.19310719718856564
46,250,10,2,3,coef,0.1320412867484207
47,250,10,2,3,sigma,0.1843198617965931
48,250,10,2,4,coef,0.14626582853394754
49,250,10,2,4,sigma,0.16609217705205412
50,250,10,2,5,coef,0.10534198446421524
51,250,10,2,5,sigma,0.1653406966594819
52,250,10,2,6,coef,0.23323460245917457
53,250,10,2,6,sigma,0.20332878642561708
54,250,10,2,7,coef,0.15991541340511375
55,250,10,2,7,sigma,0.16834472564899688
56,250,10,2,8,coef,0.14948788716802464
57,250,10,2,8,sigma,0.21158940044570734
58,250,10,2,9,coef,0.14332117281269102
59,250,10,2,9,sigma,0.21097959669099323
60,250,10,2,10,coef,0.1455642158741063
61,250,10,2,10,sigma,0.23365757504720178
62,250,10,2,11,coef,0.17779593584327824
63,250,10,2,11,sigma,0.19060610571131809
64,250,10,2,12,coef,0.14892792138577335
65,250,10,2,12,sigma,0.2162298126623304
66,250,10,2,13,coef,0.11949987313628832
67,250,10,2,13,sigma,0.15696810774331962
68,250,10,2,14,coef,0.14553127891423015
69,250,10,2,14,sigma,0.1890586577824298
70,250,10,2,15,coef,0.14881456775517257
71,250,10,2,15,sigma,0.19884401035854415
72,250,10,2,16,coef,0.18874208671848236
73,250,10,2,16,sigma,0.20304209858751288
74,250,10,2,17,coef,0.18581324439185595
75,250,10,2,17,sigma,0.1830189351035632
76,250,10,2,18,coef,0.12756224367988564
77,250,10,2,18,sigma,0.20098977875093396
78,250,10,2,19,coef,0.11182254101733341
79,250,10,2,19,sigma,0.19411412972687647
80,250,10,3,0,coef,0.1299026592428831
81,250,10,3,0,sigma,0.17825155969436185
82,250,10,3,1,coef,0.14691552914787434
83,250,10,3,1,sigma,0.19119099273744855
84,250,10,3,2,coef,0.10588008998725225
85,250,10,3,2,sigma,0.18041157044755518
86,250,10,3,3,coef,0.17015625582085203
87,250,10,3,3,sigma,0.21525484599369887
88,250,10,3,4,coef,0.2093856091919916
89,250,10,3,4,sigma,0.18064489704595346
90,250,10,3,5,coef,0.14649731802585633
91,250,10,3,5,sigma,0.16922008832973515
92,250,10,3,6,coef,0.14619232099501525
93,250,10,3,6,sigma,0.19894361635616786
94,250,10,3,7,coef,0.20923749418231713
95,250,10,3,7,sigma,0.19089659996507818
96,250,10,3,8,coef,0.14926913545087014
97,250,10,3,8,sigma,0.22079437684029563
98,250,10,3,9,coef,0.14297890029804172
99,250,10,3,9,sigma,0.19941618185284618
100,250,10,3,10,coef,0.11971102949587827
101,250,10,3,10,sigma,0.21432881043527113
102,250,10,3,11,coef,0.12614278101931492
103,250,10,3,11,sigma,0.17746554798350278
104,250,10,3,12,coef,0.11286563081768441
105,250,10,3,12,sigma,0.19203676007938322
106,250,10,3,13,coef,0.12501862984824783
107,250,10,3,13,sigma,0.18661552321523608
108,250,10,3,14,coef,0.17019887933778938
109,250,10,3,14,sigma,0.18197515624204935
110,250,10,3,15,coef,0.18121274038888419
111,250,10,3,15,sigma,0.18951990555489676
112,250,10,3,16,coef,0.14107615929897713
113,250,10,3,16,sigma,0.22057195128132007
114,250,10,3,17,coef,0.13360572948267477
115,250,10,3,17,sigma,0.17860856158082572
116,250,10,3,18,coef,0.18909065857712506
117,250,10,3,18,sigma,0.20037197794671774
118,250,10,3,19,coef,0.13904162773432258
119,250,10,3,19,sigma,0.20230555036527234
120,250,20,1,0,coef,0.10016221439099138
121,250,20,1,0,sigma,0.13580598427558355
122,250,20,1,1,coef,0.1062476596571485
123,250,20,1,1,sigma,0.15172340546285934
124,250,20,1,2,coef,0.08084357755029895
125,250,20,1,2,sigma,0.12196083122298335
126,250,20,1,3,coef,0.11139354564326914
127,250,20,1,3,sigma,0.14758884409829182
128,250,20,1,4,coef,0.1074979207674858
129,250,20,1,4,sigma,0.1650112372475929
130,250,20,1,5,coef,0.05699377423223917
131,250,20,1,5,sigma,0.13773217109938876
132,250,20,1,6,coef,0.09010570932240841
133,250,20,1,6,sigma,0.15668568917760192
134,250,20,1,7,coef,0.08056001549922011
135,250,20,1,7,sigma,0.14881666212246888
136,250,20,1,8,coef,0.08326925181594118
137,250,20,1,8,sigma,0.14929104232443388
138,250,20,1,9,coef,0.11045843202938839
139,250,20,1,9,sigma,0.132713227036337
140,250,20,1,10,coef,0.09639545593709375
141,250,20,1,10,sigma,0.14884333630164337
142,250,20,1,11,coef,0.11503442126584824
143,250,20,1,11,sigma,0.15677741578219037
144,250,20,1,12,coef,0.07535978641745461
145,250,20,1,12,sigma,0.14536570221042988
146,250,20,1,13,coef,0.06506977785270882
147,250,20,1,13,sigma,0.14382714671020339
148,250,20,1,14,coef,0.07979758509614532
149,250,20,1,14,sigma,0.15024471599377795
150,250,20,1,15,coef,0.10428164441410323
151,250,20,1,15,sigma,0.14119041283523795
152,250,20,1,16,coef,0.1042616041872885
153,250,20,1,16,sigma,0.1355401653389635
154,250,20,1,17,coef,0.08599654766521929
155,250,20,1,17,sigma,0.14213197861831628
156,250,20,1,18,coef,0.09111749681260609
157,250,20,1,18,sigma,0.14437642239143705
158,250,20,1,19,coef,0.13324634028976454
159,250,20,1,19,sigma,0.13491310560662012
160,250,20,2,0,coef,0.24754289458378048
161,250,20,2,0,sigma,0.1884361711504814
162,250,20,2,1,coef,0.17269754029814927
163,250,20,2,1,sigma,0.19312776332380235
164,250,20,2,2,coef,0.21088806532785093
165,250,20,2,2,sigma,0.19610384136537462
166,250,20,2,3,coef,0.1664018632003596
167,250,20,2,3,sigma,0.18875009486384228
168,250,20,2,4,coef,0.13482078194751082
169,250,20,2,4,sigma,0.19760764514570023
170,250,20,2,5,coef,0.19010472020471067
171,250,20,2,5,sigma,0.20466550137940187
172,250,20,2,6,coef,0.12901990705866173
173,250,20,2,6,sigma,0.18750697101210495
174,250,20,2,7,coef,0.16066455749829914
175,250,20,2,7,sigma,0.18740375359787992
176,250,20,2,8,coef,0.13511115953497882
177,250,20,2,8,sigma,0.223490487087623
178,250,20,2,9,coef,0.16463824538067173
179,250,20,2,9,sigma,0.22193878185040045
180,250,20,2,10,coef,0.20764062278791393
181,250,20,2,10,sigma,0.20872471447664812
182,250,20,2,11,coef,0.12592508552612375
183,250,20,2,11,sigma,0.17392420420946844
184,250,20,2,12,coef,0.12930329178243943
185,250,20,2,12,sigma,0.1749730907650549
186,250,20,2,13,coef,0.1651607465964163
187,250,20,2,13,sigma,0.20583187032455658
188,250,20,2,14,coef,0.27198409659267203
189,250,20,2,14,sigma,0.1963038612471106
190,250,20,2,15,coef,0.1401073347967714
191,250,20,2,15,sigma,0.2323700564512463
192,250,20,2,16,coef,0.1840725133303098
193,250,20,2,16,sigma,0.19936649567322887
194,250,20,2,17,coef,0.15138509216391827
195,250,20,2,17,sigma,0.16052725106489515
196,250,20,2,18,coef,0.18632906809489866
197,250,20,2,18,sigma,0.20353436882209083
198,250,20,2,19,coef,0.20087494670080913
199,250,20,2,19,sigma,0.17913646738053457
200,250,20,3,0,coef,0.1607070712529737
201,250,20,3,0,sigma,0.16774389108588775
202,250,20,3,1,coef,0.1352704512985427
203,250,20,3,1,sigma,0.1981975855703713
204,250,20,3,2,coef,0.15149225719609474
205,250,20,3,2,sigma,0.20874020933386386
206,250,20,3,3,coef,0.15943883806839623
207,250,20,3,3,sigma,0.2149495666938396
208,250,20,3,4,coef,0.13832788958457823
209,250,20,3,4,sigma,0.20816715211055686
210,250,20,3,5,coef,0.12161643322144294
211,250,20,3,5,sigma,0.1802726252956662
212,250,20,3,6,coef,0.12775886452616395
213,250,20,3,6,sigma,0.1959818864869206
214,250,20,3,7,coef,0.14768725011701814
215,250,20,3,7,sigma,0.19269405105394408
216,250,20,3,8,coef,0.11011595191151063
217,250,20,3,8,sigma,0.2090119286173233
218,250,20,3,9,coef,0.1598672635235984
219,250,20,3,9,sigma,0.19088309469974515
220,250,20,3,10,coef,0.1298464607650774
221,250,20,3,10,sigma,0.20523571599679996
222,250,20,3,11,coef,0.13306088374553732
223,250,20,3,11,sigma,0.19648288906520578
224,250,20,3,12,coef,0.13925451248873572
225,250,20,3,12,sigma,0.21090517496664882
226,250,20,3,13,coef,0.1298966892333828
227,250,20,3,13,sigma,0.18028447729118668
228,250,20,3,14,coef,0.1186129758278501
229,250,20,3,14,sigma,0.18069034155691077
230,250,20,3,15,coef,0.17001836604977005
231,250,20,3,15,sigma,0.2304466442623552
232,250,20,3,16,coef,0.12760402609333837
233,250,20,3,16,sigma,0.2041078981743583
234,250,20,3,17,coef,0.12796213034932594
235,250,20,3,17,sigma,0.17877168341987143
236,250,20,3,18,coef,0.12855964664310263
237,250,20,3,18,sigma,0.21084531012408336
238,250,20,3,19,coef,0.15674997410748354
239,250,20,3,19,sigma,0.19717633220835515
240,250,40,1,0,coef,0.12825038429364552
241,250,40,1,0,sigma,0.15200621366648515
242,250,40,1,1,coef,0.09898624348798815
243,250,40,1,1,sigma,0.15490966892641386
244,250,40,1,2,coef,0.08225618796035247
245,250,40,1,2,sigma,0.1413012361592344
246,250,40,1,3,coef,0.10018655222154954
247,250,40,1,3,sigma,0.12611418961563067
248,250,40,1,4,coef,0.1184898779321472
249,250,40,1,4,sigma,0.14598656319995829
250,250,40,1,5,coef,0.0858339587252783
251,250,40,1,5,sigma,0.14513777250111995
252,250,40,1,6,coef,0.12857385187198273
253,250,40,1,6,sigma,0.14428806934448343
254,250,40,1,7,coef,0.10588026008210903
255,250,40,1,7,sigma,0.15438215944846423
256,250,40,1,8,coef,0.10526790413357894
257,250,40,1,8,sigma,0.13469237615797586
258,250,40,1,9,coef,0.10546990234991525
259,250,40,1,9,sigma,0.12419229168534898
260,250,40,1,10,coef,0.07481233662246793
261,250,40,1,10,sigma,0.150609542550531
262,250,40,1,11,coef,0.08929561357180972
263,250,40,1,11,sigma,0.1509796285941972
264,250,40,1,12,coef,0.11121172221961513
265,250,40,1,12,sigma,0.138601493639006
266,250,40,1,13,coef,0.0712824981675726
267,250,40,1,13,sigma,0.1428415856094761
268,250,40,1,14,coef,0.08586866889132501
269,250,40,1,14,sigma,0.14988201920101513
270,250,40,1,15,coef,0.11052215952289043
271,250,40,1,15,sigma,0.13988564218127425
272,250,40,1,16,coef,0.08467812026511454
273,250,40,1,16,sigma,0.14615576409348893
274,250,40,1,17,coef,0.11206263194627189
275,250,40,1,17,sigma,0.14421922099337878
276,250,40,1,18,coef,0.07574039317920497
277,250,40,1,18,sigma,0.15402079432602536
278,250,40,1,19,coef,0.12184488802253238
279,250,40,1,19,sigma,0.1403013616112821
280,250,40,2,0,coef,0.16274599146775387
281,250,40,2,0,sigma,0.19391574568998018
282,250,40,2,1,coef,0.15151846912469225
283,250,40,2,1,sigma,0.20376015837539452
284,250,40,2,2,coef,0.15038991131313226
285,250,40,2,2,sigma,0.1635548071490088
286,250,40,2,3,coef,0.1641786169748838
287,250,40,2,3,sigma,0.18323409187773926
288,250,40,2,4,coef,0.14099134771184432
289,250,40,2,4,sigma,0.19377937737435463
290,250,40,2,5,coef,0.14986700255708568
291,250,40,2,5,sigma,0.1869337677498044
292,250,40,2,6,coef,0.1704731582310888
293,250,40,2,6,sigma,0.1719099472677403
294,250,40,2,7,coef,0.18712329915402934
295,250,40,2,7,sigma,0.16202692609852268
296,250,40,2,8,coef,0.16220068046424316
297,250,40,2,8,sigma,0.18332435354842588
298,250,40,2,9,coef,0.1749333492116702
299,250,40,2,9,sigma,0.17438166914937592
300,250,40,2,10,coef,0.1384094605785935
301,250,40,2,10,sigma,0.19041897465624166
302,250,40,2,11,coef,0.16559150814152984
303,250,40,2,11,sigma,0.16927476024751464
304,250,40,2,12,coef,0.17657284850587787
305,250,40,2,12,sigma,0.17549697387662294
306,250,40,2,13,coef,0.1636389055999105
307,250,40,2,13,sigma,0.17192414639320663
308,250,40,2,14,coef,0.17704495139640614
309,250,40,2,14,sigma,0.17814734140436483
310,250,40,2,15,coef,0.1803031305375293
311,250,40,2,15,sigma,0.1876176677314209
312,250,40,2,16,coef,0.1868107744980776
313,250,40,2,16,sigma,0.18185848779288444
314,250,40,2,17,coef,0.17805009432746408
315,250,40,2,17,sigma,0.18735264698229748
316,250,40,2,18,coef,0.17277748997541245
317,250,40,2,18,sigma,0.18316154220900263
318,250,40,2,19,coef,0.17320749641072286
319,250,40,2,19,sigma,0.17911725840229623
320,250,40,3,0,coef,0.14824341953115738
321,250,40,3,0,sigma,0.1708324485051337
322,250,40,3,1,coef,0.13777286902824445
323,250,40,3,1,sigma,0.19901081633203926
324,250,40,3,2,coef,0.12599293297433178
325,250,40,3,2,sigma,0.19878308350158985
326,250,40,3,3,coef,0.13857942890086375
327,250,40,3,3,sigma,0.19796283468964487
328,250,40,3,4,coef,0.1593636549381531
329,250,40,3,4,sigma,0.17884392787037723
330,250,40,3,5,coef,0.13847707044632962
331,250,40,3,5,sigma,0.17791144262959174
332,250,40,3,6,coef,0.13191532206006096
333,250,40,3,6,sigma,0.17268779416830288
334,250,40,3,7,coef,0.13623073987056936
335,250,40,3,7,sigma,0.1946387015139287
336,250,40,3,8,coef,0.15428110638929754
337,250,40,3,8,sigma,0.1848774443543857
338,250,40,3,9,coef,0.13655215459013956
339,250,40,3,9,sigma,0.19653620965077506
340,250,40,3,10,coef,0.131261035219129
341,250,40,3,10,sigma,0.20016567999707863
342,250,40,3,11,coef,0.14267855105193397
343,250,40,3,11,sigma,0.19077594128500586
344,250,40,3,12,coef,0.13735556369503948
345,250,40,3,12,sigma,0.1620018607461006
346,250,40,3,13,coef,0.1363248022709969
347,250,40,3,13,sigma,0.15337542511338967
348,250,40,3,14,coef,0.12858439955709444
349,250,40,3,14,sigma,0.1559302775845786
350,250,40,3,15,coef,0.142739622353125
351,250,40,3,15,sigma,0.17563352024247458
352,250,40,3,16,coef,0.14570600641538742
353,250,40,3,16,sigma,0.1827915544310031
354,250,40,3,17,coef,0.13101965679324995
355,250,40,3,17,sigma,0.18946267110095752
356,250,40,3,18,coef,0.1537303071275028
357,250,40,3,18,sigma,0.17749945052395152
358,250,40,3,19,coef,0.13112266336003983
359,250,40,3,19,sigma,0.16744437505316223
360,500,10,1,0,coef,0.07181596594279739
361,500,10,1,0,sigma,0.09948837376257515
362,500,10,1,1,coef,0.053642170756312973
363,500,10,1,1,sigma,0.10985131940234838
364,500,10,1,2,coef,0.054469584627445194
365,500,10,1,2,sigma,0.09947087642214113
366,500,10,1,3,coef,0.06354102954395478
367,500,10,1,3,sigma,0.1004010949045168
368,500,10,1,4,coef,0.05442716154483467
369,500,10,1,4,sigma,0.1193025396667704
370,500,10,1,5,coef,0.04483549698472221
371,500,10,1,5,sigma,0.11078068533227652
372,500,10,1,6,coef,0.044603669533748495
373,500,10,1,6,sigma,0.10127548997582064
374,500,10,1,7,coef,0.07550972370831822
375,500,10,1,7,sigma,0.09570886397039258
376,500,10,1,8,coef,0.049225885471261124
377,500,10,1,8,sigma,0.12492615878513275
378,500,10,1,9,coef,0.06629902930829927
379,500,10,1,9,sigma,0.09410275663452146
380,500,10,1,10,coef,0.06008841573877118
381,500,10,1,10,sigma,0.12416190115873907
382,500,10,1,11,coef,0.0806905097132099
383,500,10,1,11,sigma,0.11811280164432446
384,500,10,1,12,coef,0.036781344553540075
385,500,10,1,12,sigma,0.12043280067642392
386,500,10,1,13,coef,0.0549885885544263
387,500,10,1,13,sigma,0.10139397213710516
388,500,10,1,14,coef,0.049581188573059654
389,500,10,1,14,sigma,0.11713957622435844
390,500,10,1,15,coef,0.09255601395832808
391,500,10,1,15,sigma,0.12051022903859199
392,500,10,1,16,coef,0.052025743006277915
393,500,10,1,16,sigma,0.1272273539393433
394,500,10,1,17,coef,0.07183343166488593
395,500,10,1,17,sigma,0.10197668992570452
396,500,10,1,18,coef,0.04636134784704339
397,500,10,1,18,sigma,0.11563044196312701
398,500,10,1,19,coef,0.07164577221145813
399,500,10,1,19,sigma,0.1204345368871103
400,500,10,2,0,coef,0.13713906815932916
401,500,10,2,0,sigma,0.14181132184480907
402,500,10,2,1,coef,0.11723248096323928
403,500,10,2,1,sigma,0.1681143242136024
404,500,10,2,2,coef,0.09297597373140497
405,500,10,2,2,sigma,0.1606549898099587
406,500,10,2,3,coef,0.0969945097146796
407,500,10,2,3,sigma,0.16219486042894904
408,500,10,2,4,coef,0.11870424817967233
409,500,10,2,4,sigma,0.16190345647385468
410,500,10,2,5,coef,0.08793187807174582
411,500,10,2,5,sigma,0.15829113070813472
412,500,10,2,6,coef,0.17811485050766598
413,500,10,2,6,sigma,0.1738186254477931
414,500,10,2,7,coef,0.10456409452621282
415,500,10,2,7,sigma,0.13641546537090207
416,500,10,2,8,coef,0.09399645480645961
417,500,10,2,8,sigma,0.1737218145011316
418,500,10,2,9,coef,0.11926809835573597
419,500,10,2,9,sigma,0.17641700135123567
420,500,10,2,10,coef,0.11683709505908438
421,500,10,2,10,sigma,0.182070613956417
422,500,10,2,11,coef,0.15073147851894933
423,500,10,2,11,sigma,0.16025160428462454
424,500,10,2,12,coef,0.08354492467029828
425,500,10,2,12,sigma,0.18245722647043927
426,500,10,2,13,coef,0.10864989935270485
427,500,10,2,13,sigma,0.13431867411451412
428,500,10,2,14,coef,0.09859860804616163
429,500,10,2,14,sigma,0.156313169859918
430,500,10,2,15,coef,0.09837487558216783
431,500,10,2,15,sigma,0.17288626436827134
432,500,10,2,16,coef,0.11513516104713903
433,500,10,2,16,sigma,0.169572163873219
434,500,10,2,17,coef,0.13603683758824708
435,500,10,2,17,sigma,0.16085170531023696
436,500,10,2,18,coef,0.09807804617626492
437,500,10,2,18,sigma,0.17829154517821874
438,500,10,2,19,coef,0.13438188605694937
439,500,10,2,19,sigma,0.17392345992059946
440,500,10,3,0,coef,0.1153973453620262
441,500,10,3,0,sigma,0.16894340728882262
442,500,10,3,1,coef,0.14619752282944373
443,500,10,3,1,sigma,0.17553984038144987
444,500,10,3,2,coef,0.09516370248324489
445,500,10,3,2,sigma,0.1642664994527049
446,500,10,3,3,coef,0.11988600512023288
447,500,10,3,3,sigma,0.19047109391348313
448,500,10,3,4,coef,0.14378427156727439
449,500,10,3,4,sigma,0.17555132721460318
450,500,10,3,5,coef,0.08257258023374744
451,500,10,3,5,sigma,0.14349428807609502
452,500,10,3,6,coef,0.10577688201965466
453,500,10,3,6,sigma,0.17802947234058455
454,500,10,3,7,coef,0.18740524310296566
455,500,10,3,7,sigma,0.16060659289221174
456,500,10,3,8,coef,0.1154168998540816
457,500,10,3,8,sigma,0.1736815125219237
458,500,10,3,9,coef,0.10690588555919593
459,500,10,3,9,sigma,0.1692325957488537
460,500,10,3,10,coef,0.10167668549100246
461,500,10,3,10,sigma,0.17211201007790625
462,500,10,3,11,coef,0.08668114714085473
463,500,10,3,11,sigma,0.15216441462381874
464,500,10,3,12,coef,0.10307949052952183
465,500,10,3,12,sigma,0.16657617161307955
466,500,10,3,13,coef,0.0911891595896206
467,500,10,3,13,sigma,0.16704057063409075
468,500,10,3,14,coef,0.09443891590568018
469,500,10,3,14,sigma,0.14438880026340142
470,500,10,3,15,coef,0.12588979282365012
471,500,10,3,15,sigma,0.18124962539684358
472,500,10,3,16,coef,0.10255072548456075
473,500,10,3,16,sigma,0.17369847624956394
474,500,10,3,17,coef,0.09915659329634569
475,500,10,3,17,sigma,0.14353616835768732
476,500,10,3,18,coef,0.14749142241325433
477,500,10,3,18,sigma,0.17475494817347678
478,500,10,3,19,coef,0.10988546007570904
479,500,10,3,19,sigma,0.17006075206454296
480,500,20,1,0,coef,0.07405877636604247
481,500,20,1,0,sigma,0.11537836806937454
482,500,20,1,1,coef,0.0655598398475924
483,500,20,1,1,sigma,0.11097261967642111
484,500,20,1,2,coef,0.06651117366222904
485,500,20,1,2,sigma,0.0920417746611853
486,500,20,1,3,coef,0.06660553385559322
487,500,20,1,3,sigma,0.0860886500690219
488,500,20,1,4,coef,0.06717044131156719
489,500,20,1,4,sigma,0.10954806336703293
490,500,20,1,5,coef,0.0557724565527911
491,500,20,1,5,sigma,0.09489773285787181
492,500,20,1,6,coef,0.06479334184770062
493,500,20,1,6,sigma,0.09678801619973723
494,500,20,1,7,coef,0.07218164536587261
495,500,20,1,7,sigma,0.1123615331345737
496,500,20,1,8,coef,0.07720469900652534
497,500,20,1,8,sigma,0.10040809287833528
498,500,20,1,9,coef,0.07590649902708065
499,500,20,1,9,sigma,0.09012297160407719
500,500,20,1,10,coef,0.06134216235549969
501,500,20,1,10,sigma,0.11956563639804152
502,500,20,1,11,coef,0.08231510483467108
503,500,20,1,11,sigma,0.11266546284040754
504,500,20,1,12,coef,0.06497191490985423
505,500,20,1,12,sigma,0.10501699534124417
506,500,20,1,13,coef,0.06406835919587883
507,500,20,1,13,sigma,0.11750092102802495
508,500,20,1,14,coef,0.060425344697840375
509,500,20,1,14,sigma,0.11919478355961907
510,500,20,1,15,coef,0.07697754576691754
511,500,20,1,15,sigma,0.10113161448743312
512,500,20,1,16,coef,0.08171328487822754
513,500,20,1,16,sigma,0.11046236813726228
514,500,20,1,17,coef,0.08532788314218484
515,500,20,1,17,sigma,0.09858384377339831
516,500,20,1,18,coef,0.052515497876069406
517,500,20,1,18,sigma,0.10388143313053007
518,500,20,1,19,coef,0.07550798306170294
519,500,20,1,19,sigma,0.10570035340171874
520,500,20,2,0,coef,0.15119098443258613
521,500,20,2,0,sigma,0.160234018752654
522,500,20,2,1,coef,0.1118509596631065
523,500,20,2,1,sigma,0.16520365317687774
524,500,20,2,2,coef,0.12878467050437908
525,500,20,2,2,sigma,0.17173512883924869
526,500,20,2,3,coef,0.13390209940339273
527,500,20,2,3,sigma,0.16566789064102425
528,500,20,2,4,coef,0.06913806855821107
529,500,20,2,4,sigma,0.14726370360121235
530,500,20,2,5,coef,0.13526442994104412
531,500,20,2,5,sigma,0.16525377486366588
532,500,20,2,6,coef,0.11180816012617915
533,500,20,2,6,sigma,0.15908205479022092
534,500,20,2,7,coef,0.12128021384964363
535,500,20,2,7,sigma,0.17403103665133995
536,500,20,2,8,coef,0.11644644287174064
537,500,20,2,8,sigma,0.19278296035223086
538,500,20,2,9,coef,0.10652240949263822
539,500,20,2,9,sigma,0.19818154683077266
540,500,20,2,10,coef,0.13602801348504925
541,500,20,2,10,sigma,0.18116450601719492
542,500,20,2,11,coef,0.08254679666797428
543,500,20,2,11,sigma,0.14063753228541082
544,500,20,2,12,coef,0.10682232842539964
545,500,20,2,12,sigma,0.14422082614594817
546,500,20,2,13,coef,0.15119299081123103
547,500,20,2,13,sigma,0.1750223271721828
548,500,20,2,14,coef,0.14022826902292482
549,500,20,2,14,sigma,0.1685686147437665
550,500,20,2,15,coef,0.132251511515848
551,500,20,2,15,sigma,0.18535642551605552
552,500,20,2,16,coef,0.13645764260982873
553,500,20,2,16,sigma,0.16661902064917056
554,500,20,2,17,coef,0.16778162481739325
555,500,20,2,17,sigma,0.15665951519474275
556,500,20,2,18,coef,0.12311177047567572
557,500,20,2,18,sigma,0.18071487361345095
558,500,20,2,19,coef,0.12026488624138841
559,500,20,2,19,sigma,0.1614045737470886
560,500,20,3,0,coef,0.11003220659153187
561,500,20,3,0,sigma,0.15703229607193778
562,500,20,3,1,coef,0.10450877043995484
563,500,20,3,1,sigma,0.16220048571579535
564,500,20,3,2,coef,0.12205379029025937
565,500,20,3,2,sigma,0.17244826579960643
566,500,20,3,3,coef,0.11098181265128261
567,500,20,3,3,sigma,0.1710220518243151
568,500,20,3,4,coef,0.10686577819556817
569,500,20,3,4,sigma,0.15779331457348905
570,500,20,3,5,coef,0.08810543890397388
571,500,20,3,5,sigma,0.15233751378138255
572,500,20,3,6,coef,0.08827602450937584
573,500,20,3,6,sigma,0.15511349059622753
574,500,20,3,7,coef,0.10239964431538714
575,500,20,3,7,sigma,0.1602159754435706
576,500,20,3,8,coef,0.09100429772059097
577,500,20,3,8,sigma,0.16636830747802392
578,500,20,3,9,coef,0.11307320532649888
579,500,20,3,9,sigma,0.15088271121240635
580,500,20,3,10,coef,0.09183282006357646
581,500,20,3,10,sigma,0.17839469471591218
582,500,20,3,11,coef,0.09096465348458463
583,500,20,3,11,sigma,0.1634628564508034
584,500,20,3,12,coef,0.10519333216537191
585,500,20,3,12,sigma,0.15081067415771643
586,500,20,3,13,coef,0.08455515882060896
587,500,20,3,13,sigma,0.1496625499300319
588,500,20,3,14,coef,0.07401135870709542
589,500,20,3,14,sigma,0.14642932974524853
590,500,20,3,15,coef,0.11113790436202903
591,500,20,3,15,sigma,0.16320842161617807
592,500,20,3,16,coef,0.09604947475767826
593,500,20,3,16,sigma,0.18321285917387445
594,500,20,3,17,coef,0.08767242277573833
595,500,20,3,17,sigma,0.15471809943082876
596,500,20,3,18,coef,0.09590098637433522
597,500,20,3,18,sigma,0.1546198616966985
598,500,20,3,19,coef,0.1020673029742894
599,500,20,3,19,sigma,0.16241217628768748
600,500,40,1,0,coef,0.0776336478897968
601,500,40,1,0,sigma,0.10211034822897634
602,500,40,1,1,coef,0.0716446804073396
603,500,40,1,1,sigma,0.11536834538734357
604,500,40,1,2,coef,0.0559525038431341
605,500,40,1,2,sigma,0.1047468615810151
606,500,40,1,3,coef,0.06881618291214704
607,500,40,1,3,sigma,0.09237608894255038
608,500,40,1,4,coef,0.08215328748483636
609,500,40,1,4,sigma,0.09672267221723405
610,500,40,1,5,coef,0.06212766263438331
611,500,40,1,5,sigma,0.10910599582576842
612,500,40,1,6,coef,0.07259959064288247
613,500,40,1,6,sigma,0.0900989937581893
614,500,40,1,7,coef,0.08216927166273134
615,500,40,1,7,sigma,0.11697182314413174
616,500,40,1,8,coef,0.051097419962796924
617,500,40,1,8,sigma,0.09815299788407482
618,500,40,1,9,coef,0.05971747182799795
619,500,40,1,9,sigma,0.0896591672502818
620,500,40,1,10,coef,0.07479412150424207
621,500,40,1,10,sigma,0.10672345337563433
622,500,40,1,11,coef,0.0559816007237577
623,500,40,1,11,sigma,0.11123450874078081
624,500,40,1,12,coef,0.08997710592668239
625,500,40,1,12,sigma,0.09510941507372245
626,500,40,1,13,coef,0.06562457109704813
627,500,40,1,13,sigma,0.10534234144408874
628,500,40,1,14,coef,0.08157189126846695
629,500,40,1,14,sigma,0.11383117548323886
630,500,40,1,15,coef,0.06842339284730556
631,500,40,1,15,sigma,0.10327683622845579
632,500,40,1,16,coef,0.05268296600791679
633,500,40,1,16,sigma,0.1057015632984499
634,500,40,1,17,coef,0.0661269139864758
635,500,40,1,17,sigma,0.10724552037432383
636,500,40,1,18,coef,0.06947248831576305
637,500,40,1,18,sigma,0.10447390648224852
638,500,40,1,19,coef,0.06267762904207323
639,500,40,1,19,sigma,0.09900080328051973
640,500,40,2,0,coef,0.11987401398510944
641,500,40,2,0,sigma,0.14518137501978334
642,500,40,2,1,coef,0.1102123107218774
643,500,40,2,1,sigma,0.15617117527347574
644,500,40,2,2,coef,0.12577672835641457
645,500,40,2,2,sigma,0.1386375588220617
646,500,40,2,3,coef,0.10837818854023748
647,500,40,2,3,sigma,0.150826309234573
648,500,40,2,4,coef,0.1156870822479433
649,500,40,2,4,sigma,0.13821819201742583
650,500,40,2,5,coef,0.11130932144025323
651,500,40,2,5,sigma,0.1476313323571836
652,500,40,2,6,coef,0.1424672567836014
653,500,40,2,6,sigma,0.14717431994787886
654,500,40,2,7,coef,0.11360271939885337
655,500,40,2,7,sigma,0.1446016461842196
656,500,40,2,8,coef,0.1163126337594018
657,500,40,2,8,sigma,0.14957142801982898
658,500,40,2,9,coef,0.13654993340537755
659,500,40,2,9,sigma,0.14630456004634307
660,500,40,2,10,coef,0.12743786512925112
661,500,40,2,10,sigma,0.15528430856113967
662,500,40,2,11,coef,0.11527735707965482
663,500,40,2,11,sigma,0.15021154842812823
664,500,40,2,12,coef,0.12830752507797366
665,500,40,2,12,sigma,0.1365137159966015
666,500,40,2,13,coef,0.11515425721251567
667,500,40,2,13,sigma,0.14139961687969763
668,500,40,2,14,coef,0.14279590546419382
669,500,40,2,14,sigma,0.13060628155702364
670,500,40,2,15,coef,0.09847420158858693
671,500,40,2,15,sigma,0.1607125332446836
672,500,40,2,16,coef,0.12339508144476068
673,500,40,2,16,sigma,0.13714224827970817
674,500,40,2,17,coef,0.1209911430184292
675,500,40,2,17,sigma,0.1529762235023943
676,500,40,2,18,coef,0.1276846863768655
677,500,40,2,18,sigma,0.14665625612682603
678,500,40,2,19,coef,0.10694463652727342
679,500,40,2,19,sigma,0.1514759423408371
680,500,40,3,0,coef,0.0968906526581181
681,500,40,3,0,sigma,0.13326969407322262
682,500,40,3,1,coef,0.1024645397541701
683,500,40,3,1,sigma,0.1588126615279539
684,500,40,3,2,coef,0.10507475196025211
685,500,40,3,2,sigma,0.15852055664815376
686,500,40,3,3,coef,0.10415745990847797
687,500,40,3,3,sigma,0.15742488683184258
688,500,40,3,4,coef,0.11621891583684521
689,500,40,3,4,sigma,0.14110947163203935
690,500,40,3,5,coef,0.10914556743151888
691,500,40,3,5,sigma,0.14389777108190036
692,500,40,3,6,coef,0.09382350423330735
693,500,40,3,6,sigma,0.1424171950235474
694,500,40,3,7,coef,0.09456169938014983
695,500,40,3,7,sigma,0.14156309333349687
696,500,40,3,8,coef,0.08828691000862184
697,500,40,3,8,sigma,0.14397101411889124
698,500,40,3,9,coef,0.10199000249500328
699,500,40,3,9,sigma,0.15454049400085498
700,500,40,3,10,coef,0.1077143304996167
701,500,40,3,10,sigma,0.14746179987291444
702,500,40,3,11,coef,0.09748508593432245
703,500,40,3,11,sigma,0.157441970071852
704,500,40,3,12,coef,0.11024192879764917
705,500,40,3,12,sigma,0.12363662378626958
706,500,40,3,13,coef,0.1113442941041158
707,500,40,3,13,sigma,0.13395155770491957
708,500,40,3,14,coef,0.10912408236978863
709,500,40,3,14,sigma,0.11729427833440473
710,500,40,3,15,coef,0.09055572615102615
711,500,40,3,15,sigma,0.15441220262858932
712,500,40,3,16,coef,0.11090088599218527
713,500,40,3,16,sigma,0.15345558862188172
714,500,40,3,17,coef,0.09738060902854728
715,500,40,3,17,sigma,0.15023735687459713
716,500,40,3,18,coef,0.10792094189551102
717,500,40,3,18,sigma,0.1438084115533809
718,500,40,3,19,coef,0.09066816658146008
719,500,40,3,19,sigma,0.13536987908131967
720,1000,10,1,0,coef,0.05754662602603066
721,1000,10,1,0,sigma,0.07785129101719444
722,1000,10,1,1,coef,0.052920076747041564
723,1000,10,1,1,sigma,0.09299623243790273
724,1000,10,1,2,coef,0.05006840469697605
725,1000,10,1,2,sigma,0.07799314918377878
726,1000,10,1,3,coef,0.054369228468013384
727,1000,10,1,3,sigma,0.08171835773580764
728,1000,10,1,4,coef,0.03397075684163788
729,1000,10,1,4,sigma,0.08801228971660077
730,1000,10,1,5,coef,0.04500204015574893
731,1000,10,1,5,sigma,0.07696763436340796
732,1000,10,1,6,coef,0.0210171167388172
733,1000,10,1,6,sigma,0.06589520308622805
734,1000,10,1,7,coef,0.059021304600062316
735,1000,10,1,7,sigma,0.07178517996200773
736,1000,10,1,8,coef,0.0666064986713401
737,1000,10,1,8,sigma,0.08477651865263847
738,1000,10,1,9,coef,0.04156149977270588
739,1000,10,1,9,sigma,0.06300009233743133
740,1000,10,1,10,coef,0.03560040687159651
741,1000,10,1,10,sigma,0.0868870782711416
742,1000,10,1,11,coef,0.062039213918282994
743,1000,10,1,11,sigma,0.09842833731253085
744,1000,10,1,12,coef,0.03480865882339416
745,1000,10,1,12,sigma,0.07199702976191469
746,1000,10,1,13,coef,0.042853640183776937
747,1000,10,1,13,sigma,0.07427113604831194
748,1000,10,1,14,coef,0.02908730358159649
749,1000,10,1,14,sigma,0.07366218902650462
750,1000,10,1,15,coef,0.04681755609361602
751,1000,10,1,15,sigma,0.08274139791303747
752,1000,10,1,16,coef,0.046193330326813505
753,1000,10,1,16,sigma,0.0825198403272248
754,1000,10,1,17,coef,0.06128431544702742
755,1000,10,1,17,sigma,0.08172029450764418
756,1000,10,1,18,coef,0.034139274515948906
757,1000,10,1,18,sigma,0.06874630636951326
758,1000,10,1,19,coef,0.05785270050457969
759,1000,10,1,19,sigma,0.08269527406657957
760,1000,10,2,0,coef,0.08111597327450086
761,1000,10,2,0,sigma,0.12724846999319084
762,1000,10,2,1,coef,0.07718378512601001
763,1000,10,2,1,sigma,0.14351277720274364
764,1000,10,2,2,coef,0.07605935610017643
765,1000,10,2,2,sigma,0.1465790503856668
766,1000,10,2,3,coef,0.07463672105051253
767,1000,10,2,3,sigma,0.1485003317374661
768,1000,10,2,4,coef,0.04705544786361284
769,1000,10,2,4,sigma,0.12394577689797973
770,1000,10,2,5,coef,0.06776138416140678
771,1000,10,2,5,sigma,0.1280577148634219
772,1000,10,2,6,coef,0.1439675002193104
773,1000,10,2,6,sigma,0.14679448752352292
774,1000,10,2,7,coef,0.08226614842642876
775,1000,10,2,7,sigma,0.13541931126326748
776,1000,10,2,8,coef,0.0826165757174183
777,1000,10,2,8,sigma,0.15004991717291724
778,1000,10,2,9,coef,0.07876420590667624
779,1000,10,2,9,sigma,0.14208085633639697
780,1000,10,2,10,coef,0.10630464224369943
781,1000,10,2,10,sigma,0.18143998412256734
782,1000,10,2,11,coef,0.13006458567913595
783,1000,10,2,11,sigma,0.15472881378148468
784,1000,10,2,12,coef,0.08886399784555911
785,1000,10,2,12,sigma,0.1390347257934622
786,1000,10,2,13,coef,0.07768136276010568
787,1000,10,2,13,sigma,0.11573165401745306
788,1000,10,2,14,coef,0.06993829906699735
789,1000,10,2,14,sigma,0.1148385735513901
790,1000,10,2,15,coef,0.08534661866269383
791,1000,10,2,15,sigma,0.14487930760973544
792,1000,10,2,16,coef,0.08199383123172913
793,1000,10,2,16,sigma,0.14029609032471135
794,1000,10,2,17,coef,0.09084774567681968
795,1000,10,2,17,sigma,0.13261738059451303
796,1000,10,2,18,coef,0.10135008242320857
797,1000,10,2,18,sigma,0.13718988925355252
798,1000,10,2,19,coef,0.12497408347158323
799,1000,10,2,19,sigma,0.13828701065456048
800,1000,10,3,0,coef,0.09245763191139594
801,1000,10,3,0,sigma,0.14949183914044187
802,1000,10,3,1,coef,0.13393172614733176
803,1000,10,3,1,sigma,0.16001053198455786
804,1000,10,3,2,coef,0.07692204892413683
805,1000,10,3,2,sigma,0.1515156446176361
806,1000,10,3,3,coef,0.10742004254743193
807,1000,10,3,3,sigma,0.1722827116937147
808,1000,10,3,4,coef,0.12375721137699669
809,1000,10,3,4,sigma,0.14636210481600823
810,1000,10,3,5,coef,0.06312286920586127
811,1000,10,3,5,sigma,0.12817946053075555
812,1000,10,3,6,coef,0.09830710812065688
813,1000,10,3,6,sigma,0.14776556104053915
814,1000,10,3,7,coef,0.1280590664917111
815,1000,10,3,7,sigma,0.15874886099812835
816,1000,10,3,8,coef,0.07458345117873263
817,1000,10,3,8,sigma,0.14651096487412893
818,1000,10,3,9,coef,0.08186180350471323
819,1000,10,3,9,sigma,0.13199818694972817
820,1000,10,3,10,coef,0.06755020769264816
821,1000,10,3,10,sigma,0.1542419190464373
822,1000,10,3,11,coef,0.08330007596221213
823,1000,10,3,11,sigma,0.14089166273143577
824,1000,10,3,12,coef,0.07725956797229754
825,1000,10,3,12,sigma,0.12517819180354892
826,1000,10,3,13,coef,0.07848261381362275
827,1000,10,3,13,sigma,0.1380188123783746
828,1000,10,3,14,coef,0.06599180359510583
829,1000,10,3,14,sigma,0.1315291208123996
830,1000,10,3,15,coef,0.09195196576933944
831,1000,10,3,15,sigma,0.1477260539406281
832,1000,10,3,16,coef,0.08588011074166346
833,1000,10,3,16,sigma,0.14462719680002617
834,1000,10,3,17,coef,0.08742496026204064
835,1000,10,3,17,sigma,0.13803650713419444
836,1000,10,3,18,coef,0.11911290948627516
837,1000,10,3,18,sigma,0.16064928622207136
838,1000,10,3,19,coef,0.07692975061980194
839,1000,10,3,19,sigma,0.1393432443912359
840,1000,20,1,0,coef,0.05191639587449561
841,1000,20,1,0,sigma,0.0830610392599449
842,1000,20,1,1,coef,0.05964575186004713
843,1000,20,1,1,sigma,0.07612777170903041
844,1000,20,1,2,coef,0.03379950081111866
845,1000,20,1,2,sigma,0.07617468982993851
846,1000,20,1,3,coef,0.043877637525425825
847,1000,20,1,3,sigma,0.07077886291128582
848,1000,20,1,4,coef,0.04361380820422098
849,1000,20,1,4,sigma,0.08006801855958309
850,1000,20,1,5,coef,0.03919635601311838
851,1000,20,1,5,sigma,0.07344741309823126
852,1000,20,1,6,coef,0.04669896060487471
853,1000,20,1,6,sigma,0.07076010895385569
854,1000,20,1,7,coef,0.06603896679890078
855,1000,20,1,7,sigma,0.09032106997832738
856,1000,20,1,8,coef,0.030053858882418655
857,1000,20,1,8,sigma,0.0702508457976009
858,1000,20,1,9,coef,0.03838525302700645
859,1000,20,1,9,sigma,0.0796178983754518
860,1000,20,1,10,coef,0.057903794354017886
861,1000,20,1,10,sigma,0.08502887535830031
862,1000,20,1,11,coef,0.05628309764166001
863,1000,20,1,11,sigma,0.07786912793101136
864,1000,20,1,12,coef,0.049091937036246966
865,1000,20,1,12,sigma,0.07003101912726536
866,1000,20,1,13,coef,0.05451804065062173
867,1000,20,1,13,sigma,0.07510049229389341
868,1000,20,1,14,coef,0.047734740888844135
869,1000,20,1,14,sigma,0.0833077474401727
870,1000,20,1,15,coef,0.05626229510707213
871,1000,20,1,15,sigma,0.06771465162488363
872,1000,20,1,16,coef,0.05150055774500732
873,1000,20,1,16,sigma,0.085077649105458
874,1000,20,1,17,coef,0.04865465981284855
875,1000,20,1,17,sigma,0.0772046283904593
876,1000,20,1,18,coef,0.051425849960407784
877,1000,20,1,18,sigma,0.08108179640784263
878,1000,20,1,19,coef,0.03831719881367844
879,1000,20,1,19,sigma,0.07330325441082713
880,1000,20,2,0,coef,0.10281940023507836
881,1000,20,2,0,sigma,0.1471437001196703
882,1000,20,2,1,coef,0.08488329013534249
883,1000,20,2,1,sigma,0.148940519406932
884,1000,20,2,2,coef,0.10517613065534089
885,1000,20,2,2,sigma,0.16496406164931848
886,1000,20,2,3,coef,0.07803013356955145
887,1000,20,2,3,sigma,0.1477990573528305
888,1000,20,2,4,coef,0.053586592823967015
889,1000,20,2,4,sigma,0.12482103367976538
890,1000,20,2,5,coef,0.1137691136426442
891,1000,20,2,5,sigma,0.14597574790115997
892,1000,20,2,6,coef,0.08971010886059355
893,1000,20,2,6,sigma,0.14979261192400012
894,1000,20,2,7,coef,0.08232635745542285
895,1000,20,2,7,sigma,0.15201755449654916
896,1000,20,2,8,coef,0.09751858230801473
897,1000,20,2,8,sigma,0.16316579938265074
898,1000,20,2,9,coef,0.09488167802077763
899,1000,20,2,9,sigma,0.18403321231476158
900,1000,20,2,10,coef,0.10347312865600279
901,1000,20,2,10,sigma,0.15073333184833693
902,1000,20,2,11,coef,0.06243896074898856
903,1000,20,2,11,sigma,0.1265856926072863
904,1000,20,2,12,coef,0.07797858146555871
905,1000,20,2,12,sigma,0.12758810400455206
906,1000,20,2,13,coef,0.09570948631214109
907,1000,20,2,13,sigma,0.15992226669204412
908,1000,20,2,14,coef,0.0940885167241748
909,1000,20,2,14,sigma,0.13488488218410147
910,1000,20,2,15,coef,0.09513971663067185
911,1000,20,2,15,sigma,0.17140694160726797
912,1000,20,2,16,coef,0.10650509238293579
913,1000,20,2,16,sigma,0.1484501700412315
914,1000,20,2,17,coef,0.09444929182940709
915,1000,20,2,17,sigma,0.1257502133580974
916,1000,20,2,18,coef,0.10222365289303867
917,1000,20,2,18,sigma,0.1622200935161221
918,1000,20,2,19,coef,0.08008376359719374
919,1000,20,2,19,sigma,0.13391044199103663
920,1000,20,3,0,coef,0.08016371132742717
921,1000,20,3,0,sigma,0.14393788278669667
922,1000,20,3,1,coef,0.08220395914819051
923,1000,20,3,1,sigma,0.14962803001297903
924,1000,20,3,2,coef,0.11857279091932559
925,1000,20,3,2,sigma,0.15389323025442528
926,1000,20,3,3,coef,0.08326868865992841
927,1000,20,3,3,sigma,0.16304945984519773
928,1000,20,3,4,coef,0.08892480421022772
929,1000,20,3,4,sigma,0.14256824844404908
930,1000,20,3,5,coef,0.07465377289225097
931,1000,20,3,5,sigma,0.1324745402862698
932,1000,20,3,6,coef,0.07378435868758736
933,1000,20,3,6,sigma,0.15069561666619521
934,1000,20,3,7,coef,0.06745338683670933
935,1000,20,3,7,sigma,0.1505226317357784
936,1000,20,3,8,coef,0.063526050833592
937,1000,20,3,8,sigma,0.13198028016703398
938,1000,20,3,9,coef,0.06849124556152673
939,1000,20,3,9,sigma,0.14849885297007365
940,1000,20,3,10,coef,0.07190283362919858
941,1000,20,3,10,sigma,0.145978550021386
942,1000,20,3,11,coef,0.07227290495252664
943,1000,20,3,11,sigma,0.1414842330050196
944,1000,20,3,12,coef,0.08411660221388348
945,1000,20,3,12,sigma,0.12778188945144345
946,1000,20,3,13,coef,0.06982895396441222
947,1000,20,3,13,sigma,0.13799876623430674
948,1000,20,3,14,coef,0.05968827359144254
949,1000,20,3,14,sigma,0.12823264438636292
950,1000,20,3,15,coef,0.07700051199162991
951,1000,20,3,15,sigma,0.1534221053098816
952,1000,20,3,16,coef,0.06725163769959613
953,1000,20,3,16,sigma,0.14454510397298728
954,1000,20,3,17,coef,0.07231687160666615
955,1000,20,3,17,sigma,0.1362281704826161
956,1000,20,3,18,coef,0.08412959957803155
957,1000,20,3,18,sigma,0.14443593821910453
958,1000,20,3,19,coef,0.07436397817811236
959,1000,20,3,19,sigma,0.14389484253616577
960,1000,40,1,0,coef,0.05664017562730299
961,1000,40,1,0,sigma,0.07428603027534485
962,1000,40,1,1,coef,0.038084734877658226
963,1000,40,1,1,sigma,0.07868051589464913
964,1000,40,1,2,coef,0.04111942439556935
965,1000,40,1,2,sigma,0.07497417693921744
966,1000,40,1,3,coef,0.05988210340071223
967,1000,40,1,3,sigma,0.06838316058080063
968,1000,40,1,4,coef,0.052985337921732455
969,1000,40,1,4,sigma,0.07808024458497534
970,1000,40,1,5,coef,0.0375121886729365
971,1000,40,1,5,sigma,0.07003103462240995
972,1000,40,1,6,coef,0.048077635105715374
973,1000,40,1,6,sigma,0.06615660278590474
974,1000,40,1,7,coef,0.0475406048587671
975,1000,40,1,7,sigma,0.07033770840375726
976,1000,40,1,8,coef,0.03650988978810768
977,1000,40,1,8,sigma,0.0732085070058254
978,1000,40,1,9,coef,0.03988269274367552
979,1000,40,1,9,sigma,0.06851363575882127
980,1000,40,1,10,coef,0.04400767232775993
981,1000,40,1,10,sigma,0.0749999821220508
982,1000,40,1,11,coef,0.04513109731537782
983,1000,40,1,11,sigma,0.07144210162801151
984,1000,40,1,12,coef,0.05582657856022177
985,1000,40,1,12,sigma,0.06745785409492129
986,1000,40,1,13,coef,0.04878752650077006
987,1000,40,1,13,sigma,0.07622537758153144
988,1000,40,1,14,coef,0.06178917231512061
989,1000,40,1,14,sigma,0.0735515532138741
990,1000,40,1,15,coef,0.05990119890253981
991,1000,40,1,15,sigma,0.06862127180061661
992,1000,40,1,16,coef,0.05307337243403142
993,1000,40,1,16,sigma,0.0726314477970395
994,1000,40,1,17,coef,0.04781833439177323
995,1000,40,1,17,sigma,0.0730358162292651
996,1000,40,1,18,coef,0.06907670930306978
997,1000,40,1,18,sigma,0.07821098205456498
998,1000,40,1,19,coef,0.05263634663787511
999,1000,40,1,19,sigma,0.07301489465736095
1000,1000,40,2,0,coef,0.09042664712540688
1001,1000,40,2,0,sigma,0.13576790626253804
1002,1000,40,2,1,coef,0.07893625166771437
1003,1000,40,2,1,sigma,0.12059245472934443
1004,1000,40,2,2,coef,0.09067194158335051
1005,1000,40,2,2,sigma,0.11471412888097071
1006,1000,40,2,3,coef,0.07464344854122297
1007,1000,40,2,3,sigma,0.13970434682742602
1008,1000,40,2,4,coef,0.09747999513305934
1009,1000,40,2,4,sigma,0.13099985454200175
1010,1000,40,2,5,coef,0.0761281359429399
1011,1000,40,2,5,sigma,0.12023354287723811
1012,1000,40,2,6,coef,0.08809611153552561
1013,1000,40,2,6,sigma,0.12497484222829185
1014,1000,40,2,7,coef,0.08545384032670587
1015,1000,40,2,7,sigma,0.11784118821016422
1016,1000,40,2,8,coef,0.0870934645311365
1017,1000,40,2,8,sigma,0.11326655337335545
1018,1000,40,2,9,coef,0.1014920147888891
1019,1000,40,2,9,sigma,0.11779115132149685
1020,1000,40,2,10,coef,0.09121151811345667
1021,1000,40,2,10,sigma,0.13523444463494005
1022,1000,40,2,11,coef,0.08350143978096815
1023,1000,40,2,11,sigma,0.1324732524208196
1024,1000,40,2,12,coef,0.09611435531101772
1025,1000,40,2,12,sigma,0.1185772738926067
1026,1000,40,2,13,coef,0.07895560210470813
1027,1000,40,2,13,sigma,0.11442207341849613
1028,1000,40,2,14,coef,0.11172573758704019
1029,1000,40,2,14,sigma,0.11054079835518925
1030,1000,40,2,15,coef,0.0768388024174194
1031,1000,40,2,15,sigma,0.12269353465142478
1032,1000,40,2,16,coef,0.079917543095314
1033,1000,40,2,16,sigma,0.13070510662237025
1034,1000,40,2,17,coef,0.09311335182774029
1035,1000,40,2,17,sigma,0.13012643431432447
1036,1000,40,2,18,coef,0.10439560253226826
1037,1000,40,2,18,sigma,0.1125564794688246
1038,1000,40,2,19,coef,0.0839558237074688
1039,1000,40,2,19,sigma,0.1386919471015485
1040,1000,40,3,0,coef,0.0692315356779892
1041,1000,40,3,0,sigma,0.12475736029571076
1042,1000,40,3,1,coef,0.07059337463466941
1043,1000,40,3,1,sigma,0.12427964721312482
1044,1000,40,3,2,coef,0.07922001761204606
1045,1000,40,3,2,sigma,0.1309374824258758
1046,1000,40,3,3,coef,0.09017204050484942
1047,1000,40,3,3,sigma,0.14927326197904178
1048,1000,40,3,4,coef,0.09497688470847944
1049,1000,40,3,4,sigma,0.12560573679211293
1050,1000,40,3,5,coef,0.07367777619628534
1051,1000,40,3,5,sigma,0.11630294706176378
1052,1000,40,3,6,coef,0.07535091969059497
1053,1000,40,3,6,sigma,0.11855245280039253
1054,1000,40,3,7,coef,0.07315389466310772
1055,1000,40,3,7,sigma,0.12299964581197945
1056,1000,40,3,8,coef,0.0791082869086831
1057,1000,40,3,8,sigma,0.12134564652317985
1058,1000,40,3,9,coef,0.09067992141990927
1059,1000,40,3,9,sigma,0.12098748708581639
1060,1000,40,3,10,coef,0.08046580110011568
1061,1000,40,3,10,sigma,0.12794173379710858
1062,1000,40,3,11,coef,0.06311644634642054
1063,1000,40,3,11,sigma,0.13162647649433526
1064,1000,40,3,12,coef,0.06283559517408452
1065,1000,40,3,12,sigma,0.11319474558072001
1066,1000,40,3,13,coef,0.08106199305493997
1067,1000,40,3,13,sigma,0.119966074317725
1068,1000,40,3,14,coef,0.07793998509523137
1069,1000,40,3,14,sigma,0.1067227982053102
1070,1000,40,3,15,coef,0.07182697553091648
1071,1000,40,3,15,sigma,0.11510517714928709
1072,1000,40,3,16,coef,0.087997712928171
1073,1000,40,3,16,sigma,0.13778028297093659
1074,1000,40,3,17,coef,0.07723085990613121
1075,1000,40,3,17,sigma,0.13009765259359354
1076,1000,40,3,18,coef,0.08108731100011675
1077,1000,40,3,18,sigma,0.11822086916910657
1078,1000,40,3,19,coef,0.07449437386689207
1079,1000,40,3,19,sigma,0.11460297893772965
1080,2000,10,1,0,coef,0.03926648120596576
1081,2000,10,1,0,sigma,0.06242604787800326
1082,2000,10,1,1,coef,0.03399475560851327
1083,2000,10,1,1,sigma,0.07186992204154162
1084,2000,10,1,2,coef,0.036881694312480603
1085,2000,10,1,2,sigma,0.06615039611972744
1086,2000,10,1,3,coef,0.045709673706431184
1087,2000,10,1,3,sigma,0.05289805872415384
1088,2000,10,1,4,coef,0.0266456120599954
1089,2000,10,1,4,sigma,0.053067900138452855
1090,2000,10,1,5,coef,0.03124193260563813
1091,2000,10,1,5,sigma,0.06333814524769228
1092,2000,10,1,6,coef,0.031450146609771655
1093,2000,10,1,6,sigma,0.057692915462639924
1094,2000,10,1,7,coef,0.04470997876408785
1095,2000,10,1,7,sigma,0.06069057649116503
1096,2000,10,1,8,coef,0.028590850556143053
1097,2000,10,1,8,sigma,0.059429078794030706
1098,2000,10,1,9,coef,0.018894131663440106
1099,2000,10,1,9,sigma,0.06093147977902541
1100,2000,10,1,10,coef,0.036032682854997625
1101,2000,10,1,10,sigma,0.04986454049228661
1102,2000,10,1,11,coef,0.04385797373849829
1103,2000,10,1,11,sigma,0.053505924527502864
1104,2000,10,1,12,coef,0.041232560967193174
1105,2000,10,1,12,sigma,0.05551718907367713
1106,2000,10,1,13,coef,0.043995684211192376
1107,2000,10,1,13,sigma,0.05421025427812173
1108,2000,10,1,14,coef,0.03958277493891289
1109,2000,10,1,14,sigma,0.05919514351519164
1110,2000,10,1,15,coef,0.03435182928250753
1111,2000,10,1,15,sigma,0.0631857720024346
1112,2000,10,1,16,coef,0.03408489529531035
1113,2000,10,1,16,sigma,0.053963231781052064
1114,2000,10,1,17,coef,0.041901299992438516
1115,2000,10,1,17,sigma,0.060767385033870594
1116,2000,10,1,18,coef,0.03487771905519548
1117,2000,10,1,18,sigma,0.04623658688049057
1118,2000,10,1,19,coef,0.030925680745764947
1119,2000,10,1,19,sigma,0.05720918881802706
1120,2000,10,2,0,coef,0.06800641630019234
1121,2000,10,2,0,sigma,0.11413401808854638
1122,2000,10,2,1,coef,0.05507876365065201
1123,2000,10,2,1,sigma,0.1383269955968892
1124,2000,10,2,2,coef,0.06596419394481008
1125,2000,10,2,2,sigma,0.13115894612713422
1126,2000,10,2,3,coef,0.055076515268203494
1127,2000,10,2,3,sigma,0.13594083072099802
1128,2000,10,2,4,coef,0.06949873671294023
1129,2000,10,2,4,sigma,0.10336423022094704
1130,2000,10,2,5,coef,0.060196551968183916
1131,2000,10,2,5,sigma,0.12454555236011487
1132,2000,10,2,6,coef,0.1433345731828804
1133,2000,10,2,6,sigma,0.14242120582769366
1134,2000,10,2,7,coef,0.06690756386167937
1135,2000,10,2,7,sigma,0.1356746906627061
1136,2000,10,2,8,coef,0.07803606184687689
1137,2000,10,2,8,sigma,0.1354704937323629
1138,2000,10,2,9,coef,0.08410701535143396
1139,2000,10,2,9,sigma,0.13456958471186492
1140,2000,10,2,10,coef,0.09996231597993153
1141,2000,10,2,10,sigma,0.1453738011091348
1142,2000,10,2,11,coef,0.097500195322663
1143,2000,10,2,11,sigma,0.14362379642388098
1144,2000,10,2,12,coef,0.07113585513586167
1145,2000,10,2,12,sigma,0.1371670119907056
1146,2000,10,2,13,coef,0.06869996439280376
1147,2000,10,2,13,sigma,0.11639236835355701
1148,2000,10,2,14,coef,0.06271713442306184
1149,2000,10,2,14,sigma,0.10504031919973161
1150,2000,10,2,15,coef,0.05869907118036199
1151,2000,10,2,15,sigma,0.12819180220907983
1152,2000,10,2,16,coef,0.0834984214332056
1153,2000,10,2,16,sigma,0.12522429537225457
1154,2000,10,2,17,coef,0.07648785573493633
1155,2000,10,2,17,sigma,0.11881037495318073
1156,2000,10,2,18,coef,0.07719271081674028
1157,2000,10,2,18,sigma,0.13149437193999472
1158,2000,10,2,19,coef,0.09221123889306625
1159,2000,10,2,19,sigma,0.13053622008724955
1160,2000,10,3,0,coef,0.07613841349866043
1161,2000,10,3,0,sigma,0.13783738372700932
1162,2000,10,3,1,coef,0.10413454808211893
1163,2000,10,3,1,sigma,0.1434928373721257
1164,2000,10,3,2,coef,0.06194204267913298
1165,2000,10,3,2,sigma,0.14294159133112808
1166,2000,10,3,3,coef,0.08931326310275903
1167,2000,10,3,3,sigma,0.14658119498771893
1168,2000,10,3,4,coef,0.10786011569429968
1169,2000,10,3,4,sigma,0.13936435140613407
1170,2000,10,3,5,coef,0.06684084365948088
1171,2000,10,3,5,sigma,0.12923957930070892
1172,2000,10,3,6,coef,0.09184233586635093
1173,2000,10,3,6,sigma,0.14028205526340212
1174,2000,10,3,7,coef,0.09027276287438754
1175,2000,10,3,7,sigma,0.1402660430036342
1176,2000,10,3,8,coef,0.06253887850739108
1177,2000,10,3,8,sigma,0.13089151141389
1178,2000,10,3,9,coef,0.053446064676708094
1179,2000,10,3,9,sigma,0.12741057259340233
1180,2000,10,3,10,coef,0.08200147433886346
1181,2000,10,3,10,sigma,0.13068384552260243
1182,2000,10,3,11,coef,0.07629824749719157
1183,2000,10,3,11,sigma,0.1342339007628156
1184,2000,10,3,12,coef,0.0621582354626986
1185,2000,10,3,12,sigma,0.11419404855895955
1186,2000,10,3,13,coef,0.07125762275054644
1187,2000,10,3,13,sigma,0.14032481473313801
1188,2000,10,3,14,coef,0.05245922697925708
1189,2000,10,3,14,sigma,0.1263686289232519
1190,2000,10,3,15,coef,0.08793129555690442
1191,2000,10,3,15,sigma,0.15067937246214305
1192,2000,10,3,16,coef,0.06530989980113328
1193,2000,10,3,16,sigma,0.11895970248990999
1194,2000,10,3,17,coef,0.06347195345400326
1195,2000,10,3,17,sigma,0.13418887424893644
1196,2000,10,3,18,coef,0.10733701954921648
1197,2000,10,3,18,sigma,0.1453461674363308
1198,2000,10,3,19,coef,0.06329138147876806
1199,2000,10,3,19,sigma,0.12444991244164821
1200,2000,20,1,0,coef,0.03544428546485417
1201,2000,20,1,0,sigma,0.05501044594348952
1202,2000,20,1,1,coef,0.03969919812763452
1203,2000,20,1,1,sigma,0.06300185888917721
1204,2000,20,1,2,coef,0.020769812647102575
1205,2000,20,1,2,sigma,0.056762008523029484
1206,2000,20,1,3,coef,0.03076302986023193
1207,2000,20,1,3,sigma,0.048918777593128966
1208,2000,20,1,4,coef,0.03852609406432371
1209,2000,20,1,4,sigma,0.05601634163330452
1210,2000,20,1,5,coef,0.02621098703694085
1211,2000,20,1,5,sigma,0.047332756503574325
1212,2000,20,1,6,coef,0.03538099876475783
1213,2000,20,1,6,sigma,0.052873884722658575
1214,2000,20,1,7,coef,0.03368042926714879
1215,2000,20,1,7,sigma,0.05254464418183096
1216,2000,20,1,8,coef,0.03392300775314599
1217,2000,20,1,8,sigma,0.05259101676829559
1218,2000,20,1,9,coef,0.02993363098166256
1219,2000,20,1,9,sigma,0.053038977276516644
1220,2000,20,1,10,coef,0.04092814376083792
1221,2000,20,1,10,sigma,0.05578089694789554
1222,2000,20,1,11,coef,0.042266979077093744
1223,2000,20,1,11,sigma,0.058248634204535445
1224,2000,20,1,12,coef,0.03470082043510838
1225,2000,20,1,12,sigma,0.047921798876920094
1226,2000,20,1,13,coef,0.048601017943466024
1227,2000,20,1,13,sigma,0.04924708319567419
1228,2000,20,1,14,coef,0.02774834514739967
1229,2000,20,1,14,sigma,0.05443369802052947
1230,2000,20,1,15,coef,0.02775527551299428
1231,2000,20,1,15,sigma,0.04714708713898845
1232,2000,20,1,16,coef,0.03913000415877211
1233,2000,20,1,16,sigma,0.052549107872991226
1234,2000,20,1,17,coef,0.031328479235179146
1235,2000,20,1,17,sigma,0.055974012982952036
1236,2000,20,1,18,coef,0.04508302543828697
1237,2000,20,1,18,sigma,0.05552046576740603
1238,2000,20,1,19,coef,0.03105818629344796
1239,2000,20,1,19,sigma,0.059891782189802054
1240,2000,20,2,0,coef,0.07281079239978602
1241,2000,20,2,0,sigma,0.15143712468578152
1242,2000,20,2,1,coef,0.06426325060337211
1243,2000,20,2,1,sigma,0.13627710004340748
1244,2000,20,2,2,coef,0.08252241817602701
1245,2000,20,2,2,sigma,0.14918243276536203
1246,2000,20,2,3,coef,0.07269238247689237
1247,2000,20,2,3,sigma,0.14878813265637572
1248,2000,20,2,4,coef,0.06296761917136039
1249,2000,20,2,4,sigma,0.11557614270125396
1250,2000,20,2,5,coef,0.0864748176931864
1251,2000,20,2,5,sigma,0.134081368378324
1252,2000,20,2,6,coef,0.08933045681517865
1253,2000,20,2,6,sigma,0.1457557562356466
1254,2000,20,2,7,coef,0.04679347746001027
1255,2000,20,2,7,sigma,0.12800932950114516
1256,2000,20,2,8,coef,0.07498295836288692
1257,2000,20,2,8,sigma,0.16099448791917095
1258,2000,20,2,9,coef,0.08097096718129018
1259,2000,20,2,9,sigma,0.1582885996165277
1260,2000,20,2,10,coef,0.06801103071596627
1261,2000,20,2,10,sigma,0.14346494782814923
1262,2000,20,2,11,coef,0.055913741940354623
1263,2000,20,2,11,sigma,0.11623009896872795
1264,2000,20,2,12,coef,0.06436141601485307
1265,2000,20,2,12,sigma,0.129436371353864
1266,2000,20,2,13,coef,0.07411892720937999
1267,2000,20,2,13,sigma,0.15163256708417092
1268,2000,20,2,14,coef,0.05956180581464371
1269,2000,20,2,14,sigma,0.13856008554924187
1270,2000,20,2,15,coef,0.08338030672695414
1271,2000,20,2,15,sigma,0.149644163354326
1272,2000,20,2,16,coef,0.0805962516872439
1273,2000,20,2,16,sigma,0.1318171847323431
1274,2000,20,2,17,coef,0.06752838490103039
1275,2000,20,2,17,sigma,0.12861200231072384
1276,2000,20,2,18,coef,0.08529255339463303
1277,2000,20,2,18,sigma,0.14949699089272742
1278,2000,20,2,19,coef,0.060124528094360086
1279,2000,20,2,19,sigma,0.12747196807955893
1280,2000,20,3,0,coef,0.0683778647662527
1281,2000,20,3,0,sigma,0.13797634032385217
1282,2000,20,3,1,coef,0.0659998440911341
1283,2000,20,3,1,sigma,0.13889630974494735
1284,2000,20,3,2,coef,0.06823541521432278
1285,2000,20,3,2,sigma,0.14877570946067853
1286,2000,20,3,3,coef,0.06553316326225508
1287,2000,20,3,3,sigma,0.14476127103180997
1288,2000,20,3,4,coef,0.07637639376782829
1289,2000,20,3,4,sigma,0.1452374121266336
1290,2000,20,3,5,coef,0.06458066150260945
1291,2000,20,3,5,sigma,0.11827518296120022
1292,2000,20,3,6,coef,0.06082318922030728
1293,2000,20,3,6,sigma,0.13921715092642417
1294,2000,20,3,7,coef,0.057396264078484215
1295,2000,20,3,7,sigma,0.12098481188616
1296,2000,20,3,8,coef,0.05458283937055292
1297,2000,20,3,8,sigma,0.11868849985986656
1298,2000,20,3,9,coef,0.05154746878445232
1299,2000,20,3,9,sigma,0.12968631532851413
1300,2000,20,3,10,coef,0.0601978726146411
1301,2000,20,3,10,sigma,0.13577866298382407
1302,2000,20,3,11,coef,0.07238862336350468
1303,2000,20,3,11,sigma,0.13762325392874344
1304,2000,20,3,12,coef,0.07186138705524057
1305,2000,20,3,12,sigma,0.12349814736426998
1306,2000,20,3,13,coef,0.059414263658998136
1307,2000,20,3,13,sigma,0.1321026181421576
1308,2000,20,3,14,coef,0.04688676754257575
1309,2000,20,3,14,sigma,0.11532492400805162
1310,2000,20,3,15,coef,0.05792405450163081
1311,2000,20,3,15,sigma,0.14398568492681993
1312,2000,20,3,16,coef,0.05077403364053473
1313,2000,20,3,16,sigma,0.12642546439024413
1314,2000,20,3,17,coef,0.050941166660091346
1315,2000,20,3,17,sigma,0.1319259938432262
1316,2000,20,3,18,coef,0.06425729316856525
1317,2000,20,3,18,sigma,0.12939211248478955
1318,2000,20,3,19,coef,0.056045039833318815
1319,2000,20,3,19,sigma,0.13068456419335975
1320,2000,40,1,0,coef,0.03761624367633768
1321,2000,40,1,0,sigma,0.054033949093397114
1322,2000,40,1,1,coef,0.02825666817993732
1323,2000,40,1,1,sigma,0.05559968268322484
1324,2000,40,1,2,coef,0.035429493471560936
1325,2000,40,1,2,sigma,0.051722168955155315
1326,2000,40,1,3,coef,0.04339062361939469
1327,2000,40,1,3,sigma,0.05123108487870228
1328,2000,40,1,4,coef,0.02799812282512892
1329,2000,40,1,4,sigma,0.054590172916759584
1330,2000,40,1,5,coef,0.02942905890181799
1331,2000,40,1,5,sigma,0.05463911237342549
1332,2000,40,1,6,coef,0.032519404397193134
1333,2000,40,1,6,sigma,0.05251803415885981
1334,2000,40,1,7,coef,0.03380054208995084
1335,2000,40,1,7,sigma,0.05240869958916134
1336,2000,40,1,8,coef,0.023586854611108793
1337,2000,40,1,8,sigma,0.05456826964956334
1338,2000,40,1,9,coef,0.034733504107864785
1339,2000,40,1,9,sigma,0.05071793418766903
1340,2000,40,1,10,coef,0.03505988908848687
1341,2000,40,1,10,sigma,0.051648684451958055
1342,2000,40,1,11,coef,0.026030878105709226
1343,2000,40,1,11,sigma,0.05115564616276055
1344,2000,40,1,12,coef,0.03811999611580416
1345,2000,40,1,12,sigma,0.05528676918931916
1346,2000,40,1,13,coef,0.030133727628899282
1347,2000,40,1,13,sigma,0.05128932839733468
1348,2000,40,1,14,coef,0.03835901017083449
1349,2000,40,1,14,sigma,0.05393318062829082
1350,2000,40,1,15,coef,0.049026227215492955
1351,2000,40,1,15,sigma,0.045607873377444784
1352,2000,40,1,16,coef,0.03603181730966845
1353,2000,40,1,16,sigma,0.04963465346703748
1354,2000,40,1,17,coef,0.03020387224366201
1355,2000,40,1,17,sigma,0.05117015042992678
1356,2000,40,1,18,coef,0.04200701945279537
1357,2000,40,1,18,sigma,0.05372932760546595
1358,2000,40,1,19,coef,0.04129939748978044
1359,2000,40,1,19,sigma,0.05274669360687223
1360,2000,40,2,0,coef,0.08441007364968106
1361,2000,40,2,0,sigma,0.11445701581401423
1362,2000,40,2,1,coef,0.0761208025770751
1363,2000,40,2,1,sigma,0.11959470544362728
1364,2000,40,2,2,coef,0.07886647955542113
1365,2000,40,2,2,sigma,0.10683382839571778
1366,2000,40,2,3,coef,0.06740810429490435
1367,2000,40,2,3,sigma,0.13132156460351524
1368,2000,40,2,4,coef,0.0818395001197836
1369,2000,40,2,4,sigma,0.11936990751962517
1370,2000,40,2,5,coef,0.05958571620344326
1371,2000,40,2,5,sigma,0.11261501533800698
1372,2000,40,2,6,coef,0.0715136395350992
1373,2000,40,2,6,sigma,0.11704408690821629
1374,2000,40,2,7,coef,0.062157379420252075
1375,2000,40,2,7,sigma,0.11072084728704586
1376,2000,40,2,8,coef,0.06648089067898696
1377,2000,40,2,8,sigma,0.11400035025022111
1378,2000,40,2,9,coef,0.08197977396755207
1379,2000,40,2,9,sigma,0.10736711592423574
1380,2000,40,2,10,coef,0.07090738620852108
1381,2000,40,2,10,sigma,0.11603827153087622
1382,2000,40,2,11,coef,0.05940235883884846
1383,2000,40,2,11,sigma,0.11568560823211135
1384,2000,40,2,12,coef,0.06439437125741447
1385,2000,40,2,12,sigma,0.12095419561857627
1386,2000,40,2,13,coef,0.06914515101273366
1387,2000,40,2,13,sigma,0.10047491284707086
1388,2000,40,2,14,coef,0.08356922820748167
1389,2000,40,2,14,sigma,0.1201453111218106
1390,2000,40,2,15,coef,0.06847749013887229
1391,2000,40,2,15,sigma,0.12172762688214757
1392,2000,40,2,16,coef,0.07003768271301952
1393,2000,40,2,16,sigma,0.11703735034452417
1394,2000,40,2,17,coef,0.07711005949389967
1395,2000,40,2,17,sigma,0.1237877273055993
1396,2000,40,2,18,coef,0.0728011693233899
1397,2000,40,2,18,sigma,0.11733122524947838
1398,2000,40,2,19,coef,0.06632922449171011
1399,2000,40,2,19,sigma,0.12608641096965112
1400,2000,40,3,0,coef,0.050368650764154255
1401,2000,40,3,0,sigma,0.10382873133225526
1402,2000,40,3,1,coef,0.04769157155206068
1403,2000,40,3,1,sigma,0.11441183984964773
1404,2000,40,3,2,coef,0.06507048510866517
1405,2000,40,3,2,sigma,0.12263357335743306
1406,2000,40,3,3,coef,0.07639583052700168
1407,2000,40,3,3,sigma,0.1362349033568198
1408,2000,40,3,4,coef,0.07404453080008346
1409,2000,40,3,4,sigma,0.11994541959577905
1410,2000,40,3,5,coef,0.05783362309368543
1411,2000,40,3,5,sigma,0.11137760105155825
1412,2000,40,3,6,coef,0.05647567714593662
1413,2000,40,3,6,sigma,0.10564611238203574
1414,2000,40,3,7,coef,0.0537466394811431
1415,2000,40,3,7,sigma,0.11616102030949851
1416,2000,40,3,8,coef,0.059228693499129584
1417,2000,40,3,8,sigma,0.10605364278825714
1418,2000,40,3,9,coef,0.07091219200544611
1419,2000,40,3,9,sigma,0.1042514098149099
1420,2000,40,3,10,coef,0.060249755330640226
1421,2000,40,3,10,sigma,0.1131788601266598
1422,2000,40,3,11,coef,0.04632521060770178
1423,2000,40,3,11,sigma,0.11699709777307964
1424,2000,40,3,12,coef,0.05272652296886116
1425,2000,40,3,12,sigma,0.11376517324609065
1426,2000,40,3,13,coef,0.05511612376825297
1427,2000,40,3,13,sigma,0.10581124090747948
1428,2000,40,3,14,coef,0.056310789408678154
1429,2000,40,3,14,sigma,0.11469915714845022
1430,2000,40,3,15,coef,0.06333916157890701
1431,2000,40,3,15,sigma,0.10059263488564453
1432,2000,40,3,16,coef,0.07467649286774226
1433,2000,40,3,16,sigma,0.12247330907612054
1434,2000,40,3,17,coef,0.05404144309797514
1435,2000,40,3,17,sigma,0.11547015112991436
1436,2000,40,3,18,coef,0.06432837073557508
1437,2000,40,3,18,sigma,0.12217970558554592
1438,2000,40,3,19,coef,0.05489967589376499
1439,2000,40,3,19,sigma,0.10369110357590361
