0,1,2,3,4,5,6,7,8,9,10,11,12,13,14,15,16,17,18,19,20,21,22,23,24,25,26,27,28,29
6.0,5.0,1.0,5.0,7.0,4.0,0.0,0.0,1.0,0.0,3.0,0.0,1.0,1.0,0.0,13.0,0.0,0.0,1.0,0.0,0.0,2.0,1.0,1.0,3.0,2.0,6.0,4.0,1.0,0.0
5.0,5.0,11.0,1.0,2.0,2.0,3.0,9.0,1.0,3.0,3.0,0.0,6.0,1.0,0.0,1.0,9.0,3.0,2.0,21.0,3.0,4.0,1.0,1.0,0.0,0.0,4.0,7.0,3.0,5.0
2.0,1.0,3.0,0.0,1.0,1.0,1.0,5.0,2.0,4.0,1.0,0.0,0.0,1.0,0.0,5.0,7.0,0.0,2.0,33.0,0.0,2.0,5.0,0.0,6.0,1.0,6.0,23.0,1.0,2.0
4.0,2.0,2.0,1.0,3.0,6.0,3.0,10.0,6.0,3.0,1.0,0.0,0.0,1.0,0.0,7.0,1.0,3.0,5.0,5.0,27.0,46.0,21.0,3.0,5.0,3.0,3.0,4.0,5.0,5.0
4.0,4.0,1.0,0.0,4.0,1.0,0.0,9.0,4.0,5.0,7.0,4.0,0.0,6.0,1.0,8.0,3.0,1.0,0.0,16.0,5.0,14.0,11.0,1.0,4.0,1.0,5.0,13.0,1.0,2.0
3.0,1.0,1.0,13.0,10.0,3.0,3.0,1.0,3.0,0.0,3.0,6.0,2.0,8.0,6.0,10.0,1.0,1.0,0.0,0.0,15.0,9.0,9.0,13.0,36.0,8.0,1.0,0.0,1.0,0.0
0.0,6.0,9.0,0.0,1.0,1.0,6.0,26.0,0.0,7.0,1.0,0.0,11.0,2.0,0.0,0.0,8.0,3.0,28.0,86.0,6.0,9.0,13.0,6.0,1.0,0.0,10.0,22.0,2.0,6.0
6.0,15.0,21.0,0.0,3.0,5.0,3.0,21.0,2.0,8.0,1.0,0.0,18.0,0.0,2.0,1.0,2.0,7.0,18.0,43.0,27.0,34.0,46.0,34.0,5.0,1.0,10.0,16.0,5.0,7.0
1.0,8.0,27.0,5.0,1.0,5.0,8.0,13.0,1.0,2.0,2.0,1.0,7.0,0.0,3.0,0.0,4.0,4.0,31.0,16.0,26.0,33.0,24.0,107.0,8.0,0.0,6.0,7.0,1.0,4.0
0.0,0.0,0.0,48.0,6.0,6.0,8.0,0.0,10.0,0.0,1.0,2.0,2.0,1.0,10.0,5.0,1.0,4.0,1.0,0.0,0.0,0.0,0.0,3.0,3.0,5.0,0.0,0.0,2.0,4.0
5.0,1.0,1.0,238.0,119.0,5.0,1.0,0.0,10.0,0.0,3.0,5.0,0.0,2.0,4.0,20.0,1.0,2.0,0.0,0.0,1.0,1.0,0.0,2.0,3.0,4.0,0.0,0.0,0.0,1.0
3.0,12.0,4.0,3.0,3.0,2.0,2.0,1.0,3.0,4.0,2.0,3.0,2.0,3.0,2.0,1.0,2.0,3.0,3.0,3.0,6.0,12.0,12.0,9.0,12.0,3.0,2.0,5.0,1.0,4.0
2.0,3.0,1.0,0.0,1.0,6.0,6.0,18.0,5.0,5.0,3.0,3.0,18.0,2.0,8.0,0.0,5.0,5.0,10.0,7.0,0.0,7.0,14.0,29.0,14.0,4.0,6.0,4.0,2.0,7.0
4.0,2.0,1.0,0.0,0.0,2.0,1.0,7.0,2.0,3.0,3.0,1.0,3.0,4.0,1.0,1.0,6.0,2.0,0.0,20.0,1.0,0.0,0.0,0.0,0.0,1.0,9.0,11.0,1.0,2.0
7.0,2.0,0.0,11.0,10.0,2.0,4.0,0.0,4.0,1.0,6.0,11.0,2.0,5.0,8.0,5.0,0.0,2.0,1.0,2.0,11.0,9.0,3.0,0.0,1.0,4.0,1.0,1.0,1.0,1.0
0.0,3.0,4.0,3.0,6.0,2.0,1.0,1.0,1.0,2.0,4.0,2.0,5.0,6.0,2.0,5.0,2.0,3.0,1.0,3.0,10.0,8.0,8.0,2.0,8.0,4.0,3.0,3.0,1.0,2.0
2.0,2.0,0.0,1.0,11.0,3.0,0.0,4.0,1.0,2.0,3.0,9.0,4.0,14.0,2.0,10.0,0.0,3.0,0.0,3.0,11.0,11.0,7.0,0.0,1.0,2.0,3.0,2.0,3.0,1.0
4.0,1.0,1.0,1.0,4.0,2.0,4.0,0.0,3.0,1.0,3.0,5.0,1.0,3.0,4.0,2.0,0.0,5.0,5.0,0.0,1.0,0.0,2.0,2.0,9.0,0.0,2.0,0.0,2.0,1.0
3.0,0.0,0.0,45.0,20.0,2.0,6.0,0.0,3.0,0.0,0.0,1.0,0.0,1.0,2.0,5.0,0.0,2.0,2.0,0.0,0.0,1.0,1.0,5.0,12.0,5.0,1.0,0.0,1.0,3.0
7.0,16.0,14.0,0.0,2.0,4.0,1.0,44.0,0.0,8.0,2.0,1.0,0.0,1.0,1.0,2.0,10.0,5.0,2.0,62.0,5.0,2.0,3.0,0.0,0.0,2.0,10.0,18.0,1.0,2.0
2.0,2.0,6.0,4.0,0.0,0.0,0.0,4.0,2.0,2.0,4.0,2.0,10.0,2.0,1.0,2.0,5.0,5.0,4.0,10.0,0.0,4.0,1.0,3.0,3.0,4.0,4.0,4.0,3.0,3.0
7.0,4.0,3.0,0.0,23.0,1.0,0.0,1.0,0.0,2.0,12.0,5.0,1.0,38.0,0.0,30.0,4.0,0.0,0.0,2.0,23.0,18.0,18.0,0.0,5.0,3.0,3.0,4.0,1.0,1.0
1.0,6.0,9.0,1.0,1.0,0.0,4.0,4.0,1.0,3.0,4.0,3.0,5.0,6.0,0.0,0.0,5.0,4.0,0.0,7.0,12.0,22.0,44.0,20.0,19.0,2.0,4.0,7.0,6.0,2.0
0.0,0.0,1.0,3.0,3.0,11.0,10.0,8.0,7.0,4.0,3.0,1.0,0.0,1.0,1.0,2.0,2.0,4.0,1.0,1.0,1.0,3.0,2.0,19.0,15.0,1.0,3.0,3.0,1.0,3.0
7.0,3.0,3.0,11.0,22.0,2.0,3.0,2.0,1.0,2.0,5.0,3.0,1.0,6.0,3.0,5.0,3.0,2.0,1.0,2.0,63.0,67.0,30.0,10.0,25.0,3.0,2.0,1.0,3.0,2.0
3.0,4.0,2.0,4.0,6.0,2.0,2.0,1.0,1.0,3.0,7.0,10.0,5.0,9.0,2.0,6.0,1.0,3.0,2.0,4.0,0.0,0.0,0.0,0.0,0.0,5.0,3.0,2.0,1.0,2.0
4.0,14.0,4.0,0.0,4.0,4.0,1.0,5.0,4.0,8.0,3.0,3.0,2.0,4.0,0.0,3.0,6.0,2.0,4.0,27.0,4.0,9.0,19.0,1.0,8.0,1.0,9.0,14.0,3.0,1.0
2.0,6.0,9.0,1.0,0.0,4.0,3.0,9.0,0.0,3.0,0.0,3.0,26.0,1.0,6.0,0.0,6.0,9.0,22.0,27.0,0.0,0.0,0.0,10.0,1.0,1.0,9.0,17.0,2.0,4.0
2.0,2.0,0.0,2.0,7.0,2.0,1.0,0.0,5.0,2.0,3.0,11.0,1.0,6.0,3.0,6.0,4.0,2.0,2.0,3.0,5.0,11.0,13.0,13.0,27.0,2.0,2.0,1.0,3.0,4.0
5.0,4.0,5.0,1.0,1.0,1.0,0.0,3.0,0.0,6.0,3.0,3.0,3.0,0.0,1.0,1.0,5.0,0.0,2.0,13.0,0.0,10.0,4.0,1.0,2.0,1.0,6.0,5.0,2.0,3.0
7.0,7.0,17.0,94.0,4.0,3.0,8.0,5.0,2.0,4.0,10.0,19.0,77.0,3.0,76.0,0.0,1.0,9.0,8.0,0.0,0.0,0.0,1.0,26.0,3.0,3.0,2.0,0.0,6.0,2.0
9.0,8.0,8.0,0.0,7.0,2.0,2.0,1.0,2.0,0.0,2.0,0.0,1.0,2.0,0.0,9.0,5.0,1.0,1.0,8.0,7.0,5.0,3.0,0.0,0.0,3.0,7.0,4.0,2.0,1.0
0.0,0.0,2.0,0.0,7.0,2.0,2.0,3.0,6.0,5.0,3.0,3.0,2.0,3.0,1.0,9.0,1.0,1.0,0.0,2.0,1.0,1.0,3.0,2.0,7.0,6.0,8.0,2.0,4.0,2.0
4.0,2.0,6.0,4.0,1.0,4.0,5.0,1.0,1.0,0.0,2.0,6.0,6.0,1.0,4.0,1.0,4.0,5.0,12.0,4.0,7.0,5.0,7.0,20.0,7.0,1.0,3.0,4.0,2.0,3.0
1.0,2.0,2.0,0.0,1.0,0.0,1.0,4.0,4.0,2.0,6.0,0.0,0.0,8.0,0.0,3.0,1.0,2.0,4.0,14.0,0.0,0.0,2.0,0.0,5.0,1.0,7.0,8.0,1.0,1.0
3.0,0.0,0.0,674.0,17.0,5.0,9.0,0.0,8.0,1.0,15.0,53.0,9.0,3.0,199.0,3.0,1.0,10.0,3.0,0.0,0.0,0.0,0.0,45.0,7.0,1.0,0.0,0.0,4.0,2.0
3.0,0.0,0.0,69.0,33.0,4.0,2.0,0.0,13.0,1.0,2.0,5.0,0.0,3.0,4.0,8.0,0.0,1.0,1.0,0.0,1.0,2.0,1.0,20.0,48.0,8.0,0.0,0.0,3.0,1.0
5.0,1.0,1.0,35.0,6.0,1.0,4.0,0.0,0.0,1.0,4.0,5.0,3.0,2.0,11.0,2.0,2.0,5.0,3.0,0.0,1.0,0.0,0.0,0.0,0.0,3.0,1.0,1.0,2.0,2.0
3.0,2.0,2.0,1.0,12.0,2.0,2.0,2.0,2.0,2.0,3.0,6.0,1.0,16.0,1.0,8.0,1.0,0.0,0.0,2.0,5.0,8.0,12.0,4.0,22.0,3.0,6.0,0.0,2.0,0.0
1.0,0.0,0.0,136.0,3.0,4.0,8.0,0.0,5.0,2.0,8.0,63.0,18.0,12.0,157.0,2.0,0.0,8.0,1.0,0.0,9.0,8.0,5.0,226.0,51.0,8.0,2.0,0.0,6.0,0.0
3.0,3.0,2.0,2.0,22.0,0.0,0.0,0.0,0.0,3.0,5.0,0.0,0.0,11.0,0.0,20.0,1.0,0.0,1.0,1.0,8.0,5.0,6.0,0.0,2.0,5.0,4.0,2.0,0.0,1.0
0.0,0.0,0.0,2.0,5.0,2.0,3.0,4.0,0.0,0.0,4.0,2.0,2.0,3.0,1.0,4.0,1.0,4.0,4.0,5.0,3.0,9.0,7.0,2.0,7.0,3.0,4.0,4.0,1.0,1.0
2.0,0.0,1.0,11.0,0.0,3.0,15.0,3.0,3.0,1.0,1.0,8.0,28.0,1.0,47.0,0.0,4.0,6.0,9.0,1.0,1.0,1.0,4.0,157.0,23.0,3.0,0.0,0.0,4.0,2.0
5.0,0.0,0.0,0.0,34.0,5.0,1.0,1.0,9.0,2.0,0.0,2.0,0.0,8.0,0.0,59.0,2.0,2.0,0.0,0.0,2.0,3.0,2.0,0.0,20.0,10.0,5.0,7.0,1.0,1.0
6.0,6.0,2.0,0.0,7.0,2.0,1.0,0.0,2.0,1.0,1.0,2.0,1.0,6.0,2.0,5.0,2.0,2.0,1.0,3.0,0.0,1.0,0.0,0.0,1.0,0.0,2.0,0.0,1.0,1.0
2.0,1.0,4.0,11.0,1.0,5.0,6.0,2.0,1.0,3.0,4.0,2.0,16.0,2.0,11.0,0.0,1.0,4.0,12.0,1.0,16.0,24.0,24.0,152.0,11.0,1.0,0.0,1.0,6.0,5.0
4.0,0.0,6.0,19.0,1.0,2.0,15.0,5.0,3.0,3.0,0.0,0.0,27.0,3.0,13.0,1.0,5.0,6.0,19.0,0.0,5.0,6.0,9.0,82.0,6.0,2.0,0.0,0.0,5.0,2.0
6.0,16.0,9.0,0.0,1.0,1.0,0.0,47.0,1.0,9.0,3.0,1.0,0.0,2.0,0.0,2.0,9.0,1.0,3.0,239.0,3.0,10.0,12.0,0.0,1.0,1.0,19.0,48.0,2.0,3.0
3.0,3.0,2.0,9.0,3.0,4.0,1.0,1.0,5.0,2.0,4.0,5.0,8.0,2.0,14.0,6.0,1.0,3.0,7.0,0.0,15.0,7.0,7.0,13.0,3.0,3.0,0.0,2.0,5.0,1.0
0.0,3.0,4.0,2.0,0.0,5.0,3.0,8.0,2.0,7.0,3.0,4.0,11.0,3.0,7.0,0.0,2.0,4.0,5.0,7.0,2.0,4.0,0.0,1.0,1.0,1.0,1.0,11.0,1.0,6.0
6.0,24.0,18.0,0.0,1.0,2.0,1.0,34.0,3.0,13.0,1.0,0.0,7.0,2.0,0.0,2.0,9.0,2.0,12.0,100.0,0.0,1.0,4.0,5.0,5.0,1.0,15.0,31.0,5.0,8.0
14.0,45.0,55.0,5.0,2.0,5.0,4.0,7.0,1.0,4.0,2.0,3.0,4.0,2.0,0.0,2.0,7.0,2.0,13.0,48.0,6.0,5.0,2.0,1.0,1.0,4.0,10.0,15.0,2.0,6.0
2.0,6.0,6.0,3.0,4.0,0.0,4.0,2.0,3.0,0.0,2.0,1.0,6.0,2.0,6.0,1.0,0.0,1.0,5.0,8.0,0.0,1.0,0.0,2.0,1.0,0.0,2.0,3.0,0.0,3.0
1.0,1.0,0.0,26.0,2.0,10.0,28.0,3.0,10.0,2.0,6.0,27.0,88.0,6.0,200.0,0.0,1.0,8.0,13.0,2.0,7.0,2.0,3.0,145.0,2.0,4.0,0.0,0.0,3.0,10.0
0.0,6.0,8.0,1.0,0.0,2.0,2.0,22.0,1.0,7.0,3.0,0.0,51.0,1.0,2.0,0.0,20.0,8.0,128.0,307.0,0.0,1.0,0.0,2.0,0.0,0.0,9.0,43.0,3.0,12.0
2.0,2.0,3.0,0.0,1.0,2.0,1.0,16.0,2.0,9.0,1.0,0.0,0.0,0.0,0.0,4.0,3.0,2.0,2.0,43.0,2.0,2.0,6.0,1.0,10.0,6.0,12.0,13.0,0.0,3.0
0.0,1.0,3.0,1.0,1.0,0.0,1.0,2.0,1.0,3.0,7.0,0.0,12.0,1.0,7.0,1.0,2.0,5.0,3.0,1.0,6.0,3.0,5.0,2.0,0.0,0.0,0.0,3.0,4.0,4.0
2.0,1.0,4.0,10.0,5.0,3.0,8.0,3.0,6.0,3.0,2.0,0.0,1.0,1.0,14.0,1.0,1.0,7.0,9.0,2.0,3.0,3.0,2.0,9.0,2.0,1.0,5.0,0.0,5.0,6.0
12.0,8.0,5.0,4.0,20.0,8.0,7.0,8.0,6.0,7.0,0.0,1.0,0.0,0.0,0.0,10.0,3.0,3.0,1.0,7.0,1.0,4.0,4.0,2.0,7.0,3.0,3.0,4.0,2.0,0.0
0.0,0.0,1.0,13.0,4.0,2.0,4.0,0.0,1.0,1.0,13.0,24.0,13.0,12.0,34.0,4.0,1.0,5.0,0.0,0.0,3.0,3.0,1.0,11.0,3.0,2.0,2.0,1.0,1.0,4.0
1.0,0.0,2.0,0.0,0.0,5.0,2.0,5.0,3.0,7.0,1.0,3.0,18.0,1.0,7.0,1.0,2.0,6.0,21.0,14.0,0.0,0.0,0.0,6.0,1.0,1.0,7.0,7.0,6.0,8.0
5.0,6.0,10.0,2.0,1.0,2.0,8.0,6.0,1.0,7.0,1.0,0.0,4.0,1.0,0.0,2.0,1.0,5.0,13.0,5.0,0.0,2.0,4.0,8.0,8.0,3.0,5.0,8.0,3.0,3.0
0.0,1.0,2.0,1.0,3.0,2.0,1.0,0.0,0.0,2.0,4.0,9.0,2.0,9.0,2.0,9.0,1.0,1.0,1.0,3.0,12.0,13.0,5.0,0.0,2.0,3.0,1.0,3.0,0.0,4.0
0.0,0.0,0.0,1.0,1.0,2.0,0.0,1.0,3.0,1.0,0.0,1.0,3.0,0.0,3.0,4.0,4.0,2.0,7.0,1.0,2.0,1.0,2.0,5.0,2.0,0.0,6.0,1.0,3.0,5.0
2.0,5.0,2.0,0.0,2.0,4.0,1.0,5.0,0.0,3.0,2.0,0.0,0.0,9.0,0.0,8.0,2.0,0.0,1.0,13.0,0.0,0.0,2.0,0.0,0.0,0.0,4.0,5.0,1.0,4.0
3.0,3.0,7.0,1.0,0.0,5.0,3.0,6.0,3.0,7.0,4.0,3.0,16.0,1.0,10.0,1.0,4.0,7.0,25.0,15.0,2.0,1.0,1.0,13.0,0.0,4.0,5.0,9.0,3.0,11.0
12.0,1.0,0.0,706.0,240.0,1.0,9.0,0.0,12.0,0.0,13.0,48.0,1.0,24.0,35.0,14.0,0.0,4.0,0.0,0.0,6.0,5.0,2.0,33.0,81.0,7.0,1.0,0.0,2.0,0.0
4.0,4.0,3.0,0.0,5.0,5.0,3.0,7.0,4.0,5.0,0.0,1.0,0.0,0.0,0.0,6.0,3.0,0.0,1.0,4.0,1.0,0.0,1.0,0.0,0.0,2.0,4.0,2.0,2.0,3.0
1.0,2.0,0.0,2.0,2.0,3.0,3.0,7.0,0.0,2.0,0.0,0.0,2.0,2.0,1.0,3.0,2.0,4.0,3.0,2.0,2.0,7.0,20.0,41.0,58.0,3.0,4.0,4.0,2.0,4.0
1.0,1.0,3.0,0.0,0.0,2.0,4.0,8.0,1.0,0.0,3.0,3.0,15.0,3.0,5.0,3.0,5.0,3.0,9.0,9.0,12.0,23.0,12.0,5.0,4.0,2.0,3.0,2.0,2.0,3.0
5.0,5.0,0.0,0.0,6.0,0.0,2.0,10.0,2.0,6.0,5.0,2.0,1.0,7.0,0.0,6.0,3.0,1.0,1.0,9.0,1.0,7.0,5.0,1.0,12.0,5.0,5.0,2.0,2.0,0.0
2.0,5.0,3.0,3.0,4.0,5.0,3.0,5.0,2.0,6.0,4.0,4.0,1.0,6.0,8.0,1.0,0.0,1.0,3.0,3.0,0.0,6.0,2.0,0.0,3.0,6.0,3.0,6.0,2.0,4.0
5.0,67.0,45.0,0.0,0.0,3.0,0.0,233.0,2.0,46.0,1.0,0.0,1.0,0.0,0.0,0.0,13.0,1.0,20.0,1312.0,1.0,0.0,1.0,0.0,0.0,1.0,13.0,140.0,3.0,4.0
5.0,0.0,2.0,16.0,10.0,3.0,4.0,4.0,6.0,2.0,0.0,1.0,0.0,4.0,6.0,6.0,0.0,8.0,0.0,0.0,13.0,3.0,0.0,0.0,0.0,4.0,1.0,0.0,2.0,0.0
7.0,6.0,1.0,12.0,18.0,1.0,1.0,1.0,7.0,0.0,3.0,8.0,0.0,14.0,2.0,7.0,3.0,0.0,1.0,0.0,21.0,15.0,8.0,1.0,2.0,4.0,1.0,0.0,6.0,2.0
5.0,2.0,5.0,71.0,10.0,6.0,4.0,0.0,2.0,2.0,4.0,10.0,5.0,2.0,10.0,3.0,1.0,8.0,5.0,0.0,16.0,16.0,10.0,48.0,16.0,0.0,0.0,1.0,2.0,2.0
5.0,3.0,3.0,2.0,8.0,3.0,1.0,3.0,1.0,2.0,0.0,0.0,0.0,3.0,0.0,8.0,3.0,2.0,2.0,1.0,1.0,2.0,6.0,0.0,7.0,2.0,4.0,4.0,4.0,2.0
0.0,1.0,1.0,15.0,0.0,2.0,4.0,0.0,0.0,1.0,15.0,38.0,91.0,16.0,122.0,3.0,2.0,9.0,7.0,0.0,1.0,2.0,0.0,7.0,2.0,3.0,0.0,1.0,5.0,4.0
6.0,19.0,23.0,0.0,4.0,3.0,1.0,16.0,1.0,4.0,0.0,1.0,0.0,0.0,0.0,4.0,6.0,1.0,4.0,27.0,18.0,28.0,13.0,0.0,3.0,1.0,10.0,10.0,0.0,4.0
5.0,2.0,2.0,32.0,5.0,3.0,7.0,2.0,4.0,6.0,0.0,4.0,4.0,2.0,6.0,0.0,2.0,5.0,3.0,0.0,5.0,0.0,5.0,23.0,6.0,5.0,1.0,1.0,4.0,3.0
1.0,2.0,5.0,140.0,0.0,5.0,13.0,0.0,5.0,2.0,1.0,9.0,25.0,4.0,62.0,0.0,0.0,7.0,3.0,0.0,1.0,0.0,0.0,19.0,1.0,2.0,2.0,1.0,1.0,3.0
2.0,0.0,2.0,10.0,1.0,5.0,7.0,2.0,5.0,3.0,1.0,2.0,7.0,2.0,9.0,0.0,2.0,4.0,4.0,1.0,0.0,0.0,0.0,11.0,3.0,2.0,0.0,1.0,5.0,6.0
0.0,0.0,0.0,28.0,1.0,4.0,15.0,1.0,13.0,0.0,14.0,33.0,36.0,5.0,148.0,0.0,2.0,6.0,5.0,0.0,0.0,0.0,0.0,23.0,2.0,1.0,1.0,0.0,4.0,7.0
12.0,4.0,0.0,62.0,89.0,5.0,2.0,0.0,1.0,1.0,11.0,32.0,2.0,34.0,2.0,19.0,0.0,0.0,0.0,0.0,33.0,12.0,5.0,2.0,0.0,7.0,0.0,0.0,1.0,1.0
10.0,10.0,6.0,1.0,3.0,0.0,1.0,14.0,1.0,8.0,6.0,2.0,3.0,4.0,0.0,2.0,5.0,1.0,3.0,21.0,10.0,18.0,13.0,2.0,7.0,5.0,5.0,12.0,2.0,0.0
10.0,13.0,13.0,3.0,11.0,3.0,4.0,8.0,6.0,3.0,1.0,0.0,0.0,0.0,0.0,7.0,3.0,2.0,0.0,5.0,2.0,1.0,0.0,0.0,1.0,5.0,6.0,2.0,1.0,1.0
3.0,12.0,13.0,0.0,0.0,2.0,1.0,20.0,0.0,11.0,1.0,0.0,0.0,1.0,0.0,2.0,7.0,1.0,6.0,212.0,0.0,1.0,3.0,2.0,1.0,2.0,12.0,44.0,1.0,3.0
0.0,4.0,3.0,0.0,0.0,1.0,0.0,13.0,0.0,3.0,1.0,0.0,0.0,2.0,1.0,2.0,9.0,2.0,6.0,31.0,17.0,17.0,13.0,0.0,0.0,1.0,10.0,16.0,3.0,2.0
1.0,0.0,2.0,11.0,1.0,1.0,12.0,3.0,4.0,4.0,11.0,21.0,106.0,9.0,80.0,1.0,3.0,7.0,10.0,0.0,2.0,0.0,0.0,3.0,0.0,7.0,1.0,3.0,3.0,5.0
0.0,1.0,1.0,18.0,6.0,2.0,4.0,1.0,4.0,1.0,1.0,0.0,2.0,1.0,3.0,1.0,2.0,3.0,1.0,1.0,1.0,0.0,3.0,8.0,8.0,1.0,2.0,3.0,6.0,7.0
9.0,8.0,7.0,1.0,16.0,3.0,1.0,3.0,4.0,4.0,3.0,6.0,0.0,12.0,0.0,13.0,5.0,0.0,1.0,1.0,0.0,2.0,13.0,5.0,108.0,3.0,3.0,2.0,0.0,1.0
1.0,0.0,1.0,2.0,7.0,0.0,1.0,1.0,2.0,2.0,1.0,2.0,0.0,3.0,0.0,6.0,2.0,2.0,1.0,3.0,9.0,4.0,7.0,1.0,6.0,4.0,0.0,0.0,1.0,1.0
2.0,7.0,11.0,2.0,2.0,4.0,6.0,5.0,2.0,8.0,2.0,4.0,5.0,4.0,3.0,0.0,3.0,1.0,1.0,8.0,1.0,5.0,2.0,2.0,3.0,5.0,1.0,10.0,3.0,3.0
1.0,2.0,1.0,9.0,3.0,5.0,4.0,0.0,2.0,1.0,1.0,1.0,5.0,2.0,6.0,1.0,0.0,6.0,5.0,0.0,5.0,3.0,0.0,1.0,0.0,3.0,0.0,1.0,6.0,3.0
4.0,1.0,0.0,54.0,26.0,4.0,5.0,0.0,7.0,2.0,2.0,5.0,1.0,4.0,5.0,7.0,4.0,1.0,0.0,0.0,3.0,1.0,0.0,2.0,3.0,4.0,0.0,0.0,3.0,3.0
6.0,6.0,3.0,0.0,5.0,5.0,0.0,4.0,4.0,7.0,4.0,1.0,0.0,4.0,0.0,2.0,3.0,2.0,1.0,7.0,1.0,2.0,3.0,0.0,6.0,1.0,5.0,8.0,1.0,1.0
0.0,4.0,3.0,1.0,0.0,1.0,3.0,12.0,3.0,4.0,2.0,1.0,38.0,1.0,5.0,0.0,7.0,4.0,30.0,19.0,1.0,0.0,3.0,12.0,4.0,3.0,2.0,8.0,4.0,6.0
1.0,8.0,8.0,1.0,1.0,2.0,1.0,6.0,1.0,7.0,3.0,0.0,11.0,3.0,2.0,1.0,3.0,1.0,6.0,10.0,13.0,5.0,3.0,2.0,1.0,2.0,9.0,12.0,4.0,6.0
6.0,41.0,63.0,0.0,1.0,4.0,1.0,69.0,3.0,20.0,0.0,0.0,0.0,1.0,0.0,1.0,9.0,2.0,15.0,364.0,3.0,2.0,0.0,2.0,0.0,1.0,20.0,69.0,5.0,7.0
3.0,1.0,0.0,3.0,17.0,1.0,1.0,0.0,4.0,0.0,6.0,13.0,1.0,24.0,4.0,12.0,0.0,1.0,0.0,0.0,15.0,21.0,16.0,12.0,34.0,5.0,0.0,0.0,5.0,2.0
2.0,7.0,3.0,1.0,1.0,6.0,8.0,12.0,4.0,11.0,3.0,4.0,10.0,0.0,2.0,2.0,4.0,2.0,11.0,13.0,11.0,14.0,18.0,8.0,4.0,1.0,6.0,9.0,0.0,5.0
1.0,3.0,0.0,0.0,6.0,1.0,0.0,1.0,0.0,5.0,11.0,7.0,1.0,45.0,1.0,19.0,0.0,1.0,0.0,3.0,9.0,11.0,12.0,0.0,17.0,2.0,5.0,5.0,3.0,0.0
4.0,8.0,7.0,4.0,16.0,1.0,1.0,1.0,0.0,1.0,0.0,0.0,0.0,4.0,0.0,9.0,1.0,2.0,2.0,2.0,35.0,45.0,18.0,1.0,4.0,5.0,5.0,3.0,2.0,1.0
3.0,3.0,1.0,7.0,10.0,1.0,7.0,2.0,11.0,4.0,4.0,5.0,1.0,2.0,2.0,4.0,0.0,5.0,0.0,1.0,14.0,13.0,13.0,23.0,22.0,3.0,5.0,1.0,2.0,1.0
1.0,17.0,28.0,1.0,1.0,3.0,4.0,14.0,0.0,5.0,0.0,2.0,46.0,1.0,8.0,0.0,9.0,3.0,106.0,97.0,0.0,1.0,0.0,13.0,0.0,2.0,10.0,29.0,8.0,10.0
5.0,1.0,2.0,90.0,10.0,4.0,5.0,1.0,6.0,1.0,0.0,0.0,2.0,1.0,5.0,1.0,3.0,3.0,5.0,0.0,32.0,18.0,8.0,23.0,2.0,5.0,2.0,0.0,5.0,1.0
6.0,5.0,2.0,0.0,1.0,10.0,1.0,22.0,4.0,13.0,1.0,0.0,0.0,2.0,0.0,6.0,2.0,1.0,0.0,21.0,1.0,3.0,3.0,2.0,0.0,1.0,7.0,8.0,1.0,6.0
4.0,0.0,3.0,93.0,11.0,0.0,6.0,1.0,4.0,0.0,1.0,12.0,3.0,6.0,26.0,4.0,1.0,10.0,2.0,0.0,2.0,1.0,1.0,31.0,21.0,4.0,0.0,0.0,5.0,1.0
2.0,3.0,6.0,4.0,4.0,1.0,1.0,1.0,1.0,0.0,1.0,1.0,1.0,4.0,0.0,7.0,1.0,1.0,1.0,2.0,18.0,18.0,15.0,5.0,9.0,4.0,1.0,3.0,1.0,1.0
1.0,0.0,0.0,18.0,11.0,3.0,2.0,2.0,1.0,1.0,3.0,5.0,0.0,3.0,6.0,10.0,0.0,2.0,0.0,0.0,28.0,26.0,19.0,37.0,31.0,2.0,1.0,0.0,4.0,1.0
5.0,12.0,21.0,2.0,1.0,6.0,4.0,26.0,2.0,7.0,1.0,0.0,4.0,1.0,0.0,3.0,7.0,2.0,16.0,76.0,6.0,4.0,6.0,1.0,3.0,2.0,10.0,24.0,3.0,4.0
7.0,3.0,2.0,0.0,1.0,4.0,0.0,12.0,1.0,2.0,1.0,0.0,0.0,2.0,1.0,2.0,4.0,4.0,5.0,33.0,6.0,5.0,8.0,0.0,0.0,1.0,12.0,18.0,5.0,4.0
12.0,10.0,8.0,20.0,17.0,2.0,1.0,1.0,2.0,0.0,4.0,1.0,7.0,4.0,3.0,3.0,2.0,6.0,3.0,3.0,5.0,3.0,7.0,10.0,9.0,2.0,2.0,2.0,5.0,2.0
4.0,10.0,14.0,7.0,2.0,2.0,8.0,5.0,3.0,4.0,1.0,1.0,9.0,3.0,7.0,1.0,3.0,4.0,8.0,4.0,0.0,0.0,0.0,1.0,0.0,3.0,3.0,4.0,7.0,6.0
1.0,1.0,0.0,1.0,0.0,6.0,5.0,3.0,8.0,2.0,5.0,4.0,4.0,4.0,7.0,1.0,2.0,0.0,6.0,0.0,2.0,4.0,4.0,16.0,13.0,2.0,1.0,0.0,1.0,2.0
8.0,4.0,3.0,2.0,7.0,7.0,1.0,4.0,2.0,3.0,7.0,10.0,6.0,8.0,2.0,2.0,2.0,2.0,0.0,1.0,1.0,0.0,0.0,0.0,0.0,7.0,2.0,3.0,0.0,1.0
1.0,8.0,9.0,1.0,2.0,2.0,4.0,10.0,2.0,6.0,3.0,3.0,5.0,1.0,0.0,0.0,6.0,4.0,17.0,31.0,0.0,1.0,2.0,2.0,1.0,1.0,6.0,6.0,5.0,4.0
5.0,13.0,6.0,5.0,5.0,2.0,3.0,5.0,4.0,8.0,2.0,3.0,10.0,3.0,3.0,6.0,5.0,2.0,2.0,4.0,9.0,11.0,6.0,5.0,3.0,1.0,2.0,6.0,1.0,4.0
5.0,3.0,2.0,10.0,2.0,4.0,6.0,3.0,7.0,4.0,3.0,2.0,1.0,1.0,3.0,4.0,2.0,2.0,2.0,0.0,1.0,1.0,3.0,3.0,10.0,3.0,3.0,1.0,3.0,2.0
8.0,2.0,2.0,41.0,60.0,0.0,1.0,1.0,4.0,0.0,10.0,21.0,2.0,32.0,6.0,21.0,1.0,0.0,0.0,0.0,11.0,11.0,4.0,3.0,11.0,5.0,0.0,0.0,2.0,0.0
6.0,1.0,1.0,36.0,77.0,2.0,3.0,1.0,8.0,2.0,2.0,8.0,0.0,5.0,0.0,33.0,0.0,0.0,0.0,0.0,44.0,14.0,4.0,1.0,6.0,6.0,0.0,0.0,2.0,3.0
0.0,0.0,1.0,1.0,4.0,2.0,2.0,0.0,6.0,3.0,3.0,2.0,0.0,1.0,1.0,3.0,0.0,6.0,0.0,1.0,6.0,0.0,2.0,5.0,8.0,6.0,5.0,0.0,4.0,3.0
4.0,8.0,1.0,1.0,0.0,2.0,8.0,12.0,1.0,1.0,2.0,1.0,5.0,0.0,4.0,1.0,5.0,2.0,14.0,23.0,2.0,6.0,6.0,2.0,0.0,0.0,6.0,17.0,3.0,4.0
2.0,0.0,0.0,1.0,11.0,1.0,2.0,2.0,3.0,3.0,2.0,7.0,0.0,7.0,1.0,24.0,3.0,0.0,0.0,1.0,74.0,79.0,31.0,1.0,7.0,4.0,3.0,1.0,2.0,0.0
3.0,2.0,0.0,9.0,11.0,2.0,3.0,0.0,6.0,2.0,1.0,3.0,0.0,3.0,0.0,7.0,2.0,0.0,1.0,1.0,2.0,2.0,0.0,0.0,2.0,2.0,3.0,0.0,3.0,2.0
2.0,3.0,0.0,5.0,16.0,3.0,4.0,5.0,7.0,3.0,8.0,14.0,1.0,14.0,3.0,6.0,2.0,0.0,1.0,0.0,18.0,9.0,16.0,1.0,16.0,2.0,2.0,1.0,0.0,1.0
2.0,0.0,1.0,2.0,0.0,0.0,1.0,3.0,2.0,4.0,8.0,6.0,4.0,7.0,4.0,0.0,9.0,2.0,4.0,5.0,1.0,0.0,1.0,4.0,0.0,7.0,1.0,1.0,5.0,2.0
2.0,1.0,1.0,4.0,0.0,4.0,3.0,1.0,6.0,3.0,1.0,0.0,0.0,0.0,1.0,0.0,3.0,5.0,3.0,3.0,8.0,9.0,10.0,8.0,9.0,2.0,3.0,0.0,1.0,1.0
0.0,0.0,1.0,23.0,0.0,3.0,32.0,4.0,9.0,5.0,3.0,6.0,14.0,4.0,18.0,0.0,5.0,7.0,12.0,2.0,0.0,0.0,2.0,36.0,1.0,6.0,0.0,0.0,3.0,4.0
5.0,4.0,4.0,2.0,3.0,4.0,1.0,1.0,3.0,1.0,5.0,2.0,1.0,7.0,0.0,7.0,0.0,3.0,1.0,1.0,20.0,9.0,6.0,1.0,2.0,3.0,4.0,10.0,2.0,1.0
3.0,1.0,5.0,6.0,0.0,5.0,3.0,2.0,1.0,4.0,3.0,5.0,21.0,2.0,10.0,2.0,2.0,6.0,8.0,3.0,0.0,0.0,3.0,28.0,4.0,2.0,2.0,8.0,3.0,4.0
2.0,7.0,4.0,0.0,0.0,3.0,7.0,5.0,2.0,3.0,1.0,1.0,18.0,5.0,4.0,1.0,3.0,4.0,3.0,11.0,2.0,2.0,1.0,8.0,2.0,3.0,2.0,5.0,5.0,5.0
2.0,4.0,1.0,1.0,5.0,2.0,2.0,3.0,3.0,4.0,7.0,9.0,1.0,7.0,5.0,4.0,5.0,1.0,2.0,3.0,4.0,14.0,14.0,19.0,18.0,8.0,1.0,4.0,4.0,2.0
1.0,1.0,0.0,1.0,2.0,3.0,0.0,0.0,1.0,2.0,2.0,1.0,1.0,2.0,0.0,5.0,3.0,1.0,1.0,1.0,1.0,1.0,3.0,0.0,0.0,7.0,3.0,3.0,2.0,1.0
31.0,28.0,17.0,12.0,241.0,0.0,0.0,0.0,2.0,3.0,0.0,1.0,0.0,3.0,0.0,39.0,0.0,3.0,0.0,2.0,5.0,19.0,20.0,1.0,41.0,3.0,2.0,0.0,2.0,1.0
4.0,10.0,16.0,23.0,0.0,2.0,10.0,1.0,3.0,3.0,1.0,2.0,30.0,4.0,14.0,0.0,5.0,9.0,25.0,2.0,3.0,0.0,1.0,7.0,0.0,4.0,0.0,7.0,8.0,2.0
1.0,2.0,3.0,1.0,1.0,1.0,1.0,5.0,0.0,5.0,0.0,0.0,1.0,0.0,0.0,3.0,4.0,0.0,4.0,11.0,0.0,1.0,2.0,0.0,0.0,1.0,7.0,7.0,3.0,3.0
1.0,0.0,0.0,12.0,5.0,3.0,5.0,1.0,4.0,1.0,4.0,0.0,9.0,1.0,9.0,1.0,1.0,4.0,6.0,0.0,0.0,0.0,1.0,16.0,3.0,5.0,1.0,0.0,3.0,5.0
1.0,0.0,0.0,9.0,1.0,5.0,8.0,4.0,8.0,0.0,8.0,5.0,8.0,1.0,19.0,0.0,3.0,7.0,2.0,1.0,4.0,3.0,3.0,27.0,7.0,2.0,2.0,2.0,3.0,2.0
3.0,10.0,13.0,0.0,0.0,10.0,4.0,68.0,0.0,12.0,1.0,0.0,63.0,0.0,4.0,0.0,8.0,7.0,117.0,367.0,1.0,3.0,7.0,5.0,0.0,4.0,14.0,59.0,6.0,10.0
3.0,0.0,0.0,97.0,3.0,5.0,5.0,0.0,11.0,0.0,6.0,7.0,5.0,2.0,40.0,1.0,0.0,6.0,4.0,0.0,2.0,1.0,0.0,15.0,0.0,4.0,0.0,0.0,4.0,2.0
6.0,5.0,4.0,5.0,10.0,3.0,4.0,2.0,2.0,1.0,2.0,3.0,2.0,2.0,0.0,9.0,2.0,1.0,2.0,2.0,7.0,13.0,23.0,13.0,47.0,4.0,1.0,0.0,0.0,2.0
3.0,13.0,6.0,0.0,4.0,3.0,0.0,26.0,1.0,8.0,2.0,1.0,0.0,6.0,0.0,5.0,9.0,4.0,1.0,242.0,12.0,24.0,51.0,0.0,4.0,1.0,21.0,41.0,5.0,1.0
2.0,8.0,10.0,0.0,0.0,2.0,1.0,13.0,1.0,4.0,2.0,1.0,15.0,2.0,2.0,0.0,7.0,2.0,6.0,49.0,6.0,7.0,5.0,1.0,0.0,3.0,11.0,9.0,3.0,6.0
3.0,1.0,2.0,26.0,5.0,2.0,3.0,0.0,4.0,1.0,5.0,8.0,15.0,6.0,26.0,2.0,3.0,5.0,5.0,0.0,1.0,0.0,1.0,7.0,1.0,3.0,1.0,0.0,3.0,2.0
2.0,6.0,2.0,3.0,30.0,1.0,0.0,3.0,3.0,1.0,4.0,3.0,2.0,9.0,0.0,24.0,0.0,1.0,0.0,0.0,4.0,6.0,4.0,0.0,8.0,2.0,3.0,0.0,0.0,0.0
0.0,3.0,5.0,0.0,0.0,2.0,5.0,13.0,0.0,4.0,0.0,2.0,13.0,2.0,1.0,1.0,2.0,2.0,23.0,30.0,4.0,4.0,12.0,15.0,2.0,5.0,3.0,7.0,2.0,6.0
11.0,6.0,6.0,17.0,4.0,2.0,3.0,2.0,2.0,2.0,3.0,5.0,13.0,0.0,9.0,1.0,2.0,10.0,13.0,3.0,1.0,0.0,0.0,5.0,1.0,1.0,4.0,2.0,5.0,7.0
4.0,11.0,9.0,0.0,1.0,4.0,1.0,12.0,0.0,6.0,1.0,1.0,5.0,2.0,1.0,1.0,11.0,1.0,9.0,54.0,0.0,2.0,4.0,11.0,12.0,2.0,10.0,21.0,2.0,3.0
5.0,4.0,4.0,0.0,2.0,2.0,1.0,13.0,2.0,12.0,4.0,1.0,1.0,3.0,0.0,9.0,4.0,0.0,1.0,45.0,2.0,6.0,24.0,1.0,6.0,1.0,11.0,17.0,1.0,3.0
1.0,5.0,4.0,0.0,0.0,3.0,1.0,39.0,0.0,10.0,0.0,0.0,2.0,1.0,1.0,2.0,13.0,2.0,19.0,273.0,1.0,1.0,2.0,0.0,0.0,2.0,17.0,37.0,1.0,5.0
5.0,7.0,0.0,0.0,1.0,1.0,0.0,16.0,3.0,6.0,3.0,0.0,0.0,3.0,0.0,6.0,5.0,0.0,3.0,80.0,1.0,5.0,4.0,1.0,3.0,1.0,12.0,18.0,2.0,3.0
2.0,9.0,9.0,2.0,2.0,1.0,3.0,6.0,0.0,1.0,2.0,1.0,1.0,2.0,1.0,2.0,4.0,3.0,3.0,7.0,0.0,1.0,0.0,0.0,1.0,2.0,3.0,2.0,0.0,3.0
4.0,7.0,2.0,0.0,1.0,1.0,1.0,6.0,4.0,10.0,6.0,1.0,0.0,4.0,0.0,11.0,3.0,1.0,0.0,20.0,2.0,0.0,3.0,0.0,4.0,2.0,6.0,8.0,2.0,2.0
1.0,1.0,2.0,21.0,7.0,4.0,8.0,2.0,11.0,3.0,1.0,5.0,0.0,0.0,4.0,2.0,2.0,3.0,4.0,1.0,4.0,3.0,6.0,42.0,37.0,3.0,0.0,1.0,2.0,2.0
0.0,0.0,1.0,12.0,6.0,1.0,8.0,2.0,7.0,2.0,7.0,19.0,2.0,7.0,19.0,7.0,2.0,3.0,0.0,0.0,6.0,2.0,1.0,6.0,14.0,1.0,1.0,0.0,3.0,0.0
1.0,10.0,4.0,0.0,2.0,2.0,3.0,14.0,3.0,6.0,3.0,0.0,1.0,2.0,0.0,7.0,3.0,1.0,1.0,77.0,17.0,24.0,13.0,0.0,0.0,1.0,14.0,32.0,5.0,3.0
2.0,10.0,13.0,0.0,3.0,5.0,5.0,86.0,2.0,22.0,2.0,0.0,3.0,3.0,0.0,0.0,8.0,2.0,9.0,87.0,1.0,1.0,0.0,1.0,0.0,1.0,10.0,18.0,4.0,5.0
2.0,0.0,1.0,12.0,2.0,3.0,4.0,1.0,1.0,1.0,1.0,7.0,21.0,0.0,18.0,3.0,2.0,12.0,17.0,2.0,0.0,0.0,1.0,7.0,0.0,4.0,0.0,1.0,6.0,3.0
2.0,1.0,0.0,1.0,7.0,1.0,0.0,1.0,2.0,0.0,1.0,0.0,1.0,1.0,0.0,6.0,1.0,1.0,1.0,1.0,2.0,3.0,4.0,3.0,16.0,2.0,3.0,3.0,0.0,1.0
9.0,5.0,10.0,32.0,16.0,3.0,3.0,2.0,4.0,5.0,1.0,5.0,0.0,6.0,0.0,2.0,2.0,4.0,2.0,1.0,5.0,4.0,7.0,1.0,9.0,3.0,4.0,3.0,8.0,0.0
7.0,6.0,11.0,9.0,4.0,6.0,4.0,4.0,3.0,1.0,1.0,1.0,5.0,1.0,5.0,2.0,2.0,3.0,6.0,1.0,3.0,12.0,9.0,6.0,4.0,2.0,2.0,4.0,3.0,1.0
1.0,7.0,6.0,1.0,0.0,3.0,10.0,14.0,4.0,9.0,2.0,2.0,5.0,2.0,2.0,2.0,4.0,6.0,6.0,13.0,5.0,10.0,7.0,1.0,1.0,0.0,3.0,9.0,5.0,3.0
4.0,2.0,5.0,1.0,8.0,0.0,2.0,4.0,1.0,3.0,3.0,2.0,1.0,2.0,0.0,13.0,3.0,0.0,0.0,10.0,5.0,12.0,10.0,2.0,17.0,0.0,4.0,3.0,1.0,2.0
3.0,1.0,1.0,2.0,0.0,2.0,4.0,6.0,7.0,3.0,4.0,0.0,1.0,2.0,0.0,4.0,2.0,2.0,1.0,2.0,1.0,1.0,7.0,14.0,12.0,5.0,2.0,2.0,3.0,3.0
4.0,2.0,2.0,52.0,3.0,6.0,6.0,2.0,6.0,4.0,1.0,6.0,4.0,0.0,15.0,1.0,2.0,3.0,16.0,0.0,0.0,2.0,1.0,19.0,1.0,3.0,3.0,0.0,3.0,8.0
3.0,0.0,1.0,429.0,321.0,3.0,5.0,0.0,16.0,1.0,10.0,58.0,0.0,33.0,20.0,54.0,0.0,3.0,0.0,0.0,6.0,4.0,2.0,11.0,56.0,7.0,1.0,0.0,2.0,0.0
0.0,0.0,0.0,110.0,2.0,5.0,4.0,0.0,7.0,0.0,3.0,16.0,5.0,6.0,55.0,2.0,1.0,9.0,2.0,0.0,2.0,1.0,0.0,35.0,10.0,2.0,1.0,0.0,4.0,1.0
1.0,3.0,2.0,0.0,1.0,1.0,1.0,1.0,1.0,2.0,1.0,0.0,0.0,3.0,0.0,13.0,3.0,1.0,0.0,28.0,7.0,4.0,5.0,0.0,0.0,1.0,6.0,9.0,1.0,0.0
9.0,10.0,10.0,13.0,9.0,2.0,2.0,2.0,1.0,4.0,3.0,0.0,3.0,2.0,3.0,2.0,3.0,3.0,4.0,4.0,4.0,3.0,2.0,2.0,0.0,1.0,4.0,1.0,4.0,4.0
1.0,1.0,0.0,3.0,2.0,1.0,2.0,1.0,5.0,2.0,2.0,4.0,0.0,3.0,6.0,4.0,1.0,1.0,2.0,1.0,15.0,16.0,12.0,11.0,10.0,3.0,3.0,1.0,3.0,2.0
1.0,0.0,1.0,11.0,6.0,6.0,3.0,1.0,2.0,2.0,4.0,12.0,2.0,6.0,5.0,0.0,1.0,3.0,1.0,1.0,1.0,1.0,0.0,1.0,2.0,1.0,0.0,1.0,2.0,4.0
1.0,0.0,2.0,3.0,0.0,1.0,5.0,2.0,1.0,2.0,2.0,2.0,7.0,0.0,7.0,0.0,0.0,3.0,4.0,1.0,8.0,4.0,9.0,64.0,6.0,4.0,4.0,0.0,2.0,3.0
2.0,3.0,5.0,11.0,0.0,5.0,5.0,2.0,4.0,2.0,3.0,6.0,12.0,0.0,4.0,1.0,1.0,8.0,3.0,3.0,3.0,2.0,5.0,3.0,1.0,6.0,0.0,1.0,3.0,2.0
9.0,3.0,7.0,18.0,2.0,1.0,9.0,0.0,4.0,0.0,5.0,6.0,8.0,2.0,13.0,5.0,4.0,6.0,2.0,0.0,8.0,11.0,3.0,8.0,0.0,3.0,1.0,0.0,2.0,1.0
1.0,1.0,0.0,19.0,0.0,5.0,14.0,4.0,2.0,4.0,6.0,4.0,21.0,1.0,25.0,2.0,1.0,9.0,4.0,1.0,10.0,6.0,5.0,22.0,4.0,5.0,0.0,0.0,3.0,6.0
4.0,5.0,4.0,1.0,19.0,1.0,1.0,2.0,2.0,5.0,2.0,2.0,0.0,1.0,1.0,10.0,4.0,2.0,2.0,1.0,5.0,7.0,2.0,0.0,12.0,2.0,3.0,4.0,1.0,2.0
9.0,6.0,8.0,0.0,1.0,3.0,1.0,3.0,0.0,0.0,3.0,3.0,10.0,2.0,6.0,0.0,5.0,5.0,2.0,8.0,5.0,10.0,1.0,0.0,0.0,2.0,3.0,3.0,3.0,3.0
4.0,4.0,3.0,0.0,5.0,4.0,0.0,6.0,5.0,1.0,0.0,1.0,0.0,2.0,0.0,8.0,3.0,2.0,2.0,5.0,21.0,20.0,14.0,0.0,0.0,3.0,5.0,3.0,1.0,3.0
6.0,6.0,3.0,1.0,0.0,4.0,4.0,4.0,2.0,5.0,0.0,3.0,1.0,0.0,3.0,4.0,4.0,1.0,0.0,16.0,2.0,2.0,6.0,0.0,0.0,3.0,10.0,16.0,3.0,1.0
1.0,12.0,5.0,0.0,4.0,0.0,2.0,8.0,0.0,2.0,3.0,0.0,2.0,3.0,3.0,0.0,5.0,3.0,6.0,15.0,0.0,0.0,0.0,2.0,1.0,0.0,6.0,8.0,2.0,3.0
1.0,10.0,8.0,0.0,0.0,1.0,0.0,11.0,2.0,6.0,1.0,1.0,7.0,3.0,2.0,0.0,8.0,3.0,9.0,47.0,1.0,4.0,10.0,24.0,11.0,1.0,7.0,13.0,5.0,4.0
2.0,1.0,2.0,8.0,12.0,0.0,0.0,2.0,1.0,0.0,2.0,2.0,0.0,0.0,7.0,9.0,4.0,1.0,1.0,0.0,1.0,0.0,2.0,5.0,13.0,1.0,0.0,1.0,1.0,2.0
3.0,4.0,7.0,21.0,2.0,3.0,6.0,1.0,2.0,3.0,8.0,15.0,44.0,2.0,40.0,1.0,2.0,7.0,11.0,1.0,2.0,2.0,5.0,83.0,6.0,2.0,2.0,1.0,5.0,7.0
0.0,1.0,2.0,4.0,10.0,1.0,1.0,1.0,3.0,1.0,2.0,3.0,0.0,1.0,2.0,12.0,1.0,4.0,0.0,0.0,39.0,24.0,20.0,6.0,23.0,4.0,4.0,0.0,1.0,3.0
2.0,5.0,7.0,5.0,1.0,6.0,4.0,10.0,2.0,4.0,4.0,3.0,19.0,3.0,7.0,0.0,4.0,4.0,14.0,4.0,6.0,2.0,5.0,1.0,0.0,0.0,1.0,3.0,2.0,1.0
2.0,3.0,5.0,0.0,4.0,3.0,1.0,5.0,4.0,4.0,5.0,5.0,3.0,9.0,1.0,8.0,2.0,0.0,2.0,7.0,10.0,16.0,12.0,1.0,3.0,2.0,3.0,8.0,1.0,2.0
4.0,4.0,5.0,1.0,5.0,2.0,1.0,4.0,8.0,4.0,6.0,2.0,2.0,9.0,2.0,7.0,5.0,1.0,1.0,3.0,19.0,11.0,9.0,2.0,9.0,3.0,4.0,6.0,1.0,1.0
6.0,1.0,0.0,11.0,75.0,1.0,3.0,1.0,4.0,1.0,3.0,3.0,0.0,7.0,2.0,46.0,1.0,3.0,0.0,0.0,3.0,2.0,3.0,0.0,22.0,5.0,2.0,1.0,1.0,0.0
2.0,7.0,2.0,1.0,9.0,1.0,1.0,6.0,3.0,3.0,2.0,2.0,0.0,4.0,5.0,5.0,2.0,4.0,1.0,6.0,6.0,7.0,14.0,5.0,8.0,1.0,4.0,5.0,3.0,6.0
8.0,18.0,13.0,0.0,0.0,0.0,1.0,17.0,2.0,13.0,7.0,1.0,0.0,13.0,0.0,2.0,8.0,1.0,1.0,221.0,1.0,2.0,1.0,0.0,0.0,1.0,18.0,46.0,0.0,1.0
3.0,2.0,2.0,2.0,3.0,3.0,2.0,1.0,2.0,5.0,7.0,7.0,8.0,5.0,7.0,3.0,1.0,4.0,2.0,4.0,1.0,5.0,2.0,0.0,4.0,6.0,4.0,5.0,3.0,2.0
3.0,0.0,0.0,1.0,1.0,2.0,5.0,7.0,5.0,3.0,3.0,4.0,3.0,2.0,4.0,1.0,2.0,3.0,1.0,9.0,0.0,0.0,1.0,1.0,2.0,1.0,1.0,2.0,0.0,3.0
1.0,2.0,2.0,2.0,0.0,1.0,3.0,5.0,2.0,3.0,7.0,2.0,17.0,8.0,6.0,1.0,4.0,6.0,7.0,17.0,4.0,2.0,3.0,3.0,2.0,1.0,5.0,11.0,0.0,4.0
4.0,7.0,15.0,1.0,0.0,2.0,0.0,3.0,0.0,3.0,3.0,3.0,20.0,4.0,2.0,1.0,10.0,2.0,10.0,45.0,6.0,6.0,9.0,2.0,1.0,1.0,7.0,11.0,2.0,5.0
3.0,2.0,3.0,17.0,0.0,3.0,5.0,5.0,0.0,4.0,5.0,6.0,69.0,1.0,43.0,1.0,2.0,8.0,35.0,2.0,5.0,1.0,0.0,12.0,0.0,5.0,1.0,1.0,4.0,6.0
0.0,4.0,3.0,6.0,1.0,3.0,5.0,8.0,3.0,2.0,2.0,2.0,5.0,0.0,5.0,1.0,2.0,8.0,5.0,3.0,10.0,10.0,15.0,49.0,15.0,0.0,2.0,1.0,2.0,5.0
1.0,3.0,4.0,0.0,2.0,2.0,2.0,1.0,4.0,5.0,17.0,11.0,17.0,23.0,7.0,3.0,2.0,2.0,0.0,8.0,3.0,0.0,3.0,3.0,1.0,4.0,1.0,6.0,2.0,1.0
1.0,0.0,1.0,199.0,5.0,10.0,12.0,0.0,12.0,1.0,9.0,32.0,41.0,3.0,150.0,3.0,0.0,13.0,3.0,1.0,4.0,5.0,5.0,379.0,31.0,6.0,0.0,1.0,5.0,2.0
5.0,4.0,9.0,1.0,9.0,5.0,3.0,5.0,5.0,9.0,2.0,1.0,1.0,5.0,1.0,4.0,6.0,2.0,1.0,3.0,2.0,3.0,4.0,0.0,1.0,2.0,2.0,3.0,3.0,4.0
2.0,1.0,0.0,92.0,9.0,2.0,6.0,0.0,6.0,2.0,2.0,14.0,8.0,4.0,33.0,2.0,0.0,2.0,2.0,0.0,2.0,5.0,3.0,87.0,44.0,8.0,0.0,0.0,4.0,3.0
11.0,35.0,18.0,0.0,5.0,0.0,2.0,12.0,2.0,11.0,2.0,0.0,0.0,6.0,0.0,5.0,9.0,0.0,1.0,64.0,1.0,0.0,2.0,0.0,7.0,1.0,8.0,21.0,3.0,0.0
15.0,13.0,6.0,0.0,35.0,3.0,0.0,1.0,2.0,1.0,3.0,0.0,0.0,14.0,0.0,33.0,3.0,0.0,0.0,6.0,0.0,1.0,6.0,0.0,13.0,2.0,0.0,4.0,1.0,0.0
1.0,0.0,1.0,782.0,9.0,7.0,17.0,0.0,13.0,0.0,17.0,129.0,32.0,15.0,729.0,2.0,1.0,17.0,1.0,0.0,31.0,5.0,4.0,479.0,35.0,3.0,0.0,0.0,5.0,3.0
1.0,3.0,5.0,0.0,2.0,0.0,0.0,7.0,1.0,2.0,4.0,2.0,5.0,1.0,2.0,1.0,3.0,5.0,7.0,9.0,1.0,0.0,1.0,0.0,1.0,2.0,5.0,4.0,1.0,5.0
1.0,1.0,4.0,27.0,3.0,2.0,4.0,1.0,2.0,0.0,1.0,7.0,12.0,3.0,13.0,2.0,2.0,4.0,12.0,0.0,0.0,0.0,0.0,10.0,5.0,5.0,0.0,0.0,5.0,2.0
0.0,6.0,4.0,2.0,1.0,4.0,5.0,10.0,2.0,2.0,0.0,2.0,10.0,1.0,2.0,0.0,6.0,1.0,13.0,12.0,1.0,3.0,7.0,9.0,4.0,1.0,5.0,6.0,6.0,6.0
0.0,2.0,2.0,1.0,2.0,3.0,2.0,3.0,3.0,7.0,3.0,0.0,1.0,2.0,1.0,0.0,5.0,3.0,4.0,6.0,4.0,3.0,3.0,2.0,1.0,1.0,6.0,8.0,3.0,4.0
8.0,3.0,3.0,12.0,103.0,2.0,1.0,0.0,4.0,0.0,1.0,1.0,0.0,4.0,0.0,32.0,2.0,5.0,0.0,1.0,5.0,2.0,1.0,0.0,15.0,5.0,2.0,0.0,2.0,1.0
3.0,6.0,7.0,100.0,9.0,15.0,14.0,2.0,7.0,3.0,3.0,5.0,4.0,0.0,14.0,3.0,1.0,6.0,6.0,0.0,3.0,0.0,6.0,87.0,22.0,7.0,2.0,0.0,4.0,4.0
0.0,1.0,0.0,0.0,6.0,1.0,1.0,2.0,6.0,1.0,6.0,10.0,1.0,17.0,4.0,20.0,2.0,1.0,1.0,1.0,5.0,11.0,15.0,0.0,12.0,8.0,3.0,4.0,1.0,0.0
6.0,0.0,4.0,33.0,7.0,3.0,6.0,0.0,0.0,0.0,4.0,4.0,14.0,4.0,20.0,1.0,1.0,3.0,6.0,1.0,1.0,4.0,3.0,6.0,7.0,3.0,2.0,0.0,2.0,2.0
4.0,0.0,0.0,46.0,9.0,7.0,4.0,0.0,2.0,1.0,5.0,36.0,13.0,10.0,38.0,6.0,0.0,6.0,1.0,0.0,10.0,0.0,2.0,19.0,3.0,7.0,0.0,0.0,2.0,1.0
1.0,0.0,1.0,14.0,4.0,9.0,12.0,1.0,9.0,3.0,4.0,2.0,1.0,2.0,5.0,4.0,3.0,5.0,2.0,0.0,8.0,6.0,1.0,5.0,6.0,2.0,0.0,0.0,2.0,3.0
3.0,2.0,10.0,2.0,0.0,2.0,11.0,23.0,5.0,4.0,4.0,6.0,69.0,5.0,13.0,0.0,6.0,4.0,29.0,14.0,1.0,1.0,1.0,4.0,0.0,1.0,4.0,9.0,2.0,11.0
5.0,6.0,4.0,29.0,6.0,1.0,0.0,2.0,2.0,4.0,5.0,10.0,8.0,2.0,13.0,4.0,2.0,1.0,1.0,0.0,2.0,6.0,1.0,4.0,0.0,3.0,2.0,0.0,1.0,4.0
0.0,0.0,1.0,167.0,4.0,0.0,3.0,1.0,3.0,0.0,10.0,36.0,95.0,5.0,202.0,1.0,2.0,14.0,13.0,0.0,5.0,1.0,4.0,90.0,2.0,3.0,0.0,0.0,3.0,6.0
3.0,4.0,2.0,11.0,6.0,7.0,1.0,7.0,4.0,6.0,5.0,9.0,4.0,6.0,8.0,1.0,1.0,1.0,0.0,2.0,3.0,1.0,0.0,0.0,1.0,3.0,1.0,1.0,1.0,2.0
11.0,26.0,11.0,1.0,45.0,2.0,0.0,5.0,4.0,10.0,3.0,1.0,1.0,4.0,0.0,26.0,2.0,0.0,0.0,14.0,1.0,4.0,5.0,0.0,10.0,2.0,8.0,12.0,1.0,1.0
10.0,2.0,4.0,60.0,31.0,7.0,9.0,2.0,13.0,4.0,1.0,0.0,0.0,0.0,3.0,10.0,1.0,2.0,2.0,0.0,11.0,20.0,14.0,62.0,88.0,3.0,0.0,1.0,6.0,1.0
3.0,8.0,7.0,0.0,3.0,4.0,4.0,8.0,5.0,6.0,0.0,1.0,1.0,1.0,0.0,6.0,3.0,2.0,3.0,20.0,9.0,14.0,9.0,1.0,1.0,2.0,2.0,4.0,2.0,3.0
6.0,8.0,6.0,3.0,3.0,2.0,2.0,2.0,2.0,3.0,1.0,2.0,2.0,2.0,0.0,2.0,3.0,2.0,3.0,3.0,6.0,9.0,10.0,16.0,10.0,3.0,3.0,6.0,3.0,2.0
4.0,5.0,4.0,0.0,2.0,2.0,2.0,18.0,3.0,5.0,0.0,0.0,1.0,1.0,1.0,4.0,5.0,5.0,0.0,30.0,6.0,3.0,2.0,0.0,1.0,0.0,10.0,11.0,1.0,4.0
11.0,11.0,6.0,4.0,53.0,3.0,1.0,4.0,3.0,5.0,4.0,1.0,0.0,8.0,2.0,23.0,2.0,0.0,1.0,0.0,5.0,10.0,6.0,0.0,9.0,5.0,2.0,2.0,3.0,2.0
3.0,8.0,13.0,3.0,4.0,1.0,2.0,0.0,2.0,6.0,3.0,4.0,11.0,9.0,3.0,1.0,2.0,1.0,4.0,5.0,5.0,7.0,3.0,7.0,4.0,2.0,2.0,6.0,6.0,4.0
6.0,1.0,0.0,77.0,42.0,4.0,2.0,1.0,4.0,1.0,3.0,10.0,1.0,4.0,7.0,13.0,1.0,4.0,0.0,0.0,17.0,15.0,11.0,6.0,9.0,4.0,0.0,0.0,2.0,1.0
0.0,1.0,3.0,3.0,0.0,9.0,13.0,9.0,1.0,5.0,1.0,0.0,16.0,0.0,16.0,0.0,2.0,9.0,20.0,3.0,1.0,0.0,2.0,16.0,2.0,2.0,1.0,4.0,5.0,6.0
1.0,13.0,19.0,0.0,0.0,3.0,4.0,56.0,1.0,11.0,1.0,0.0,36.0,0.0,4.0,0.0,13.0,8.0,49.0,199.0,0.0,1.0,3.0,10.0,5.0,2.0,13.0,43.0,7.0,7.0
4.0,2.0,2.0,0.0,0.0,1.0,1.0,5.0,2.0,1.0,6.0,1.0,1.0,6.0,2.0,3.0,2.0,2.0,2.0,14.0,6.0,9.0,9.0,0.0,4.0,1.0,4.0,7.0,1.0,4.0
2.0,0.0,0.0,2.0,4.0,1.0,2.0,1.0,2.0,0.0,5.0,3.0,3.0,3.0,5.0,1.0,2.0,3.0,1.0,3.0,3.0,1.0,0.0,3.0,1.0,4.0,2.0,1.0,5.0,4.0
2.0,2.0,3.0,4.0,5.0,3.0,2.0,1.0,1.0,2.0,3.0,0.0,4.0,2.0,1.0,2.0,3.0,5.0,2.0,1.0,1.0,0.0,2.0,9.0,14.0,4.0,1.0,1.0,3.0,4.0
4.0,4.0,3.0,29.0,11.0,10.0,7.0,6.0,7.0,1.0,0.0,2.0,0.0,0.0,5.0,2.0,0.0,5.0,4.0,0.0,8.0,4.0,2.0,3.0,2.0,4.0,1.0,1.0,2.0,1.0
5.0,15.0,22.0,5.0,2.0,1.0,4.0,13.0,0.0,6.0,2.0,4.0,95.0,3.0,12.0,0.0,10.0,2.0,31.0,48.0,0.0,1.0,0.0,3.0,0.0,1.0,7.0,15.0,6.0,3.0
0.0,1.0,2.0,6.0,2.0,2.0,6.0,3.0,4.0,3.0,2.0,2.0,2.0,2.0,3.0,3.0,2.0,1.0,6.0,0.0,8.0,13.0,3.0,4.0,1.0,2.0,3.0,0.0,4.0,1.0
2.0,57.0,80.0,0.0,0.0,3.0,1.0,389.0,0.0,41.0,1.0,0.0,42.0,1.0,0.0,0.0,41.0,3.0,359.0,21634.0,0.0,0.0,5.0,1.0,0.0,3.0,79.0,775.0,3.0,23.0
4.0,8.0,5.0,1.0,5.0,5.0,2.0,9.0,3.0,10.0,0.0,3.0,3.0,9.0,1.0,2.0,5.0,2.0,2.0,6.0,6.0,3.0,0.0,0.0,0.0,2.0,3.0,3.0,4.0,2.0
3.0,26.0,32.0,2.0,0.0,4.0,4.0,18.0,0.0,7.0,4.0,1.0,55.0,0.0,8.0,0.0,8.0,8.0,113.0,67.0,0.0,0.0,0.0,27.0,3.0,2.0,5.0,21.0,4.0,14.0
4.0,0.0,1.0,172.0,4.0,3.0,7.0,0.0,2.0,0.0,2.0,3.0,8.0,1.0,28.0,0.0,1.0,9.0,0.0,0.0,6.0,8.0,5.0,303.0,31.0,3.0,4.0,0.0,4.0,2.0
5.0,3.0,2.0,2.0,0.0,4.0,3.0,1.0,1.0,1.0,3.0,4.0,8.0,2.0,6.0,1.0,6.0,1.0,10.0,1.0,4.0,13.0,20.0,85.0,26.0,1.0,1.0,3.0,2.0,8.0
2.0,3.0,3.0,3.0,9.0,3.0,4.0,4.0,15.0,7.0,5.0,9.0,3.0,15.0,2.0,3.0,4.0,1.0,0.0,0.0,1.0,1.0,1.0,0.0,0.0,3.0,2.0,1.0,3.0,1.0
5.0,3.0,0.0,7.0,57.0,2.0,1.0,0.0,6.0,0.0,3.0,1.0,0.0,3.0,3.0,19.0,0.0,3.0,0.0,0.0,2.0,1.0,1.0,1.0,5.0,3.0,2.0,1.0,1.0,1.0
0.0,1.0,0.0,3.0,2.0,2.0,9.0,1.0,2.0,3.0,2.0,1.0,25.0,1.0,19.0,1.0,2.0,11.0,14.0,4.0,8.0,7.0,8.0,76.0,3.0,2.0,1.0,6.0,5.0,4.0
5.0,5.0,1.0,39.0,11.0,2.0,3.0,0.0,7.0,1.0,5.0,4.0,5.0,4.0,9.0,3.0,1.0,2.0,5.0,0.0,2.0,1.0,1.0,4.0,5.0,2.0,1.0,1.0,6.0,3.0
12.0,6.0,0.0,0.0,67.0,3.0,1.0,0.0,6.0,6.0,4.0,2.0,0.0,8.0,0.0,48.0,4.0,1.0,0.0,2.0,4.0,4.0,1.0,0.0,5.0,4.0,3.0,1.0,0.0,2.0
1.0,1.0,4.0,8.0,1.0,4.0,5.0,2.0,1.0,2.0,5.0,1.0,7.0,0.0,8.0,0.0,1.0,6.0,9.0,4.0,12.0,14.0,9.0,70.0,7.0,3.0,1.0,1.0,3.0,6.0
2.0,2.0,1.0,25.0,4.0,4.0,9.0,4.0,8.0,1.0,0.0,4.0,2.0,3.0,11.0,2.0,1.0,4.0,0.0,0.0,11.0,3.0,0.0,0.0,0.0,1.0,3.0,1.0,4.0,4.0
3.0,14.0,12.0,0.0,0.0,4.0,3.0,53.0,2.0,13.0,3.0,0.0,3.0,5.0,0.0,3.0,7.0,0.0,6.0,181.0,10.0,8.0,11.0,0.0,0.0,0.0,20.0,42.0,3.0,3.0
1.0,3.0,0.0,0.0,0.0,0.0,0.0,20.0,0.0,3.0,2.0,3.0,0.0,3.0,0.0,7.0,10.0,2.0,2.0,359.0,4.0,2.0,1.0,1.0,0.0,1.0,25.0,73.0,3.0,4.0
9.0,0.0,0.0,760.0,72.0,2.0,1.0,0.0,3.0,0.0,8.0,38.0,0.0,9.0,50.0,6.0,0.0,3.0,1.0,1.0,7.0,7.0,6.0,187.0,100.0,6.0,0.0,0.0,3.0,3.0
3.0,17.0,7.0,0.0,4.0,4.0,2.0,16.0,4.0,11.0,1.0,0.0,0.0,2.0,0.0,4.0,5.0,1.0,3.0,24.0,1.0,3.0,0.0,2.0,2.0,0.0,8.0,12.0,2.0,2.0
