b_OTU_1045,b_OTU_109,b_OTU_1093,b_OTU_11,b_OTU_112,b_OTU_1191,b_OTU_1200,b_OTU_123,b_OTU_13,b_OTU_1431,b_OTU_153,b_OTU_17,b_OTU_171,b_OTU_18,b_OTU_182,b_OTU_20,b_OTU_21,b_OTU_22,b_OTU_23,b_OTU_235,b_OTU_24,b_OTU_25,b_OTU_26,b_OTU_27,b_OTU_29,b_OTU_304,b_OTU_31,b_OTU_329,b_OTU_33,b_OTU_34,b_OTU_35,b_OTU_36,b_OTU_364,b_OTU_37,b_OTU_39,b_OTU_41,b_OTU_42,b_OTU_44,b_OTU_443,b_OTU_444,b_OTU_447,b_OTU_46,b_OTU_47,b_OTU_48,b_OTU_49,b_OTU_51,b_OTU_548,b_OTU_55,b_OTU_56,b_OTU_57,b_OTU_58,b_OTU_59,b_OTU_60,b_OTU_625,b_OTU_63,b_OTU_662,b_OTU_69,b_OTU_72,b_OTU_73,b_OTU_74,b_OTU_76,b_OTU_8,b_OTU_81,b_OTU_87,b_OTU_90,b_OTU_98,f_OTU_1,f_OTU_2,f_OTU_3,f_OTU_4,f_OTU_5,f_OTU_6,f_OTU_7,f_OTU_8,f_OTU_9,f_OTU_10,f_OTU_12,f_OTU_13,f_OTU_15,f_OTU_17,f_OTU_19,f_OTU_20,f_OTU_23,f_OTU_24,f_OTU_25,f_OTU_26,f_OTU_27,f_OTU_28,f_OTU_29,f_OTU_30,f_OTU_32,f_OTU_33,f_OTU_39,f_OTU_40,f_OTU_43,f_OTU_46,f_OTU_57,f_OTU_63,f_OTU_65,f_OTU_68,f_OTU_79,f_OTU_317,f_OTU_576,f_OTU_579,f_OTU_662,f_OTU_672,f_OTU_1011,f_OTU_1085,f_OTU_1090,f_OTU_1141,f_OTU_1278,f_OTU_1567,f_OTU_1656,E_alphitoides
8315,8315,8315,8315,8315,8315,8315,8315,8315,8315,8315,8315,8315,8315,8315,8315,8315,8315,8315,8315,8315,8315,8315,8315,8315,8315,8315,8315,8315,8315,8315,8315,8315,8315,8315,8315,8315,8315,8315,8315,8315,8315,8315,8315,8315,8315,8315,8315,8315,8315,8315,8315,8315,8315,8315,8315,8315,8315,8315,8315,8315,8315,8315,8315,8315,8315,2488,2488,2488,2488,2488,2488,2488,2488,2488,2488,2488,2488,2488,2488,2488,2488,2488,2488,2488,2488,2488,2488,2488,2488,2488,2488,2488,2488,2488,2488,2488,2488,2488,2488,2488,2488,2488,2488,2488,2488,2488,2488,2488,2488,2488,2488,2488,2488
662,662,662,662,662,662,662,662,662,662,662,662,662,662,662,662,662,662,662,662,662,662,662,662,662,662,662,662,662,662,662,662,662,662,662,662,662,662,662,662,662,662,662,662,662,662,662,662,662,662,662,662,662,662,662,662,662,662,662,662,662,662,662,662,662,662,2054,2054,2054,2054,2054,2054,2054,2054,2054,2054,2054,2054,2054,2054,2054,2054,2054,2054,2054,2054,2054,2054,2054,2054,2054,2054,2054,2054,2054,2054,2054,2054,2054,2054,2054,2054,2054,2054,2054,2054,2054,2054,2054,2054,2054,2054,2054,2054
480,480,480,480,480,480,480,480,480,480,480,480,480,480,480,480,480,480,480,480,480,480,480,480,480,480,480,480,480,480,480,480,480,480,480,480,480,480,480,480,480,480,480,480,480,480,480,480,480,480,480,480,480,480,480,480,480,480,480,480,480,480,480,480,480,480,2122,2122,2122,2122,2122,2122,2122,2122,2122,2122,2122,2122,2122,2122,2122,2122,2122,2122,2122,2122,2122,2122,2122,2122,2122,2122,2122,2122,2122,2122,2122,2122,2122,2122,2122,2122,2122,2122,2122,2122,2122,2122,2122,2122,2122,2122,2122,2122
674,674,674,674,674,674,674,674,674,674,674,674,674,674,674,674,674,674,674,674,674,674,674,674,674,674,674,674,674,674,674,674,674,674,674,674,674,674,674,674,674,674,674,674,674,674,674,674,674,674,674,674,674,674,674,674,674,674,674,674,674,674,674,674,674,674,2625,2625,2625,2625,2625,2625,2625,2625,2625,2625,2625,2625,2625,2625,2625,2625,2625,2625,2625,2625,2625,2625,2625,2625,2625,2625,2625,2625,2625,2625,2625,2625,2625,2625,2625,2625,2625,2625,2625,2625,2625,2625,2625,2625,2625,2625,2625,2625
643,643,643,643,643,643,643,643,643,643,643,643,643,643,643,643,643,643,643,643,643,643,643,643,643,643,643,643,643,643,643,643,643,643,643,643,643,643,643,643,643,643,643,643,643,643,643,643,643,643,643,643,643,643,643,643,643,643,643,643,643,643,643,643,643,643,2469,2469,2469,2469,2469,2469,2469,2469,2469,2469,2469,2469,2469,2469,2469,2469,2469,2469,2469,2469,2469,2469,2469,2469,2469,2469,2469,2469,2469,2469,2469,2469,2469,2469,2469,2469,2469,2469,2469,2469,2469,2469,2469,2469,2469,2469,2469,2469
3096,3096,3096,3096,3096,3096,3096,3096,3096,3096,3096,3096,3096,3096,3096,3096,3096,3096,3096,3096,3096,3096,3096,3096,3096,3096,3096,3096,3096,3096,3096,3096,3096,3096,3096,3096,3096,3096,3096,3096,3096,3096,3096,3096,3096,3096,3096,3096,3096,3096,3096,3096,3096,3096,3096,3096,3096,3096,3096,3096,3096,3096,3096,3096,3096,3096,3156,3156,3156,3156,3156,3156,3156,3156,3156,3156,3156,3156,3156,3156,3156,3156,3156,3156,3156,3156,3156,3156,3156,3156,3156,3156,3156,3156,3156,3156,3156,3156,3156,3156,3156,3156,3156,3156,3156,3156,3156,3156,3156,3156,3156,3156,3156,3156
1347,1347,1347,1347,1347,1347,1347,1347,1347,1347,1347,1347,1347,1347,1347,1347,1347,1347,1347,1347,1347,1347,1347,1347,1347,1347,1347,1347,1347,1347,1347,1347,1347,1347,1347,1347,1347,1347,1347,1347,1347,1347,1347,1347,1347,1347,1347,1347,1347,1347,1347,1347,1347,1347,1347,1347,1347,1347,1347,1347,1347,1347,1347,1347,1347,1347,2513,2513,2513,2513,2513,2513,2513,2513,2513,2513,2513,2513,2513,2513,2513,2513,2513,2513,2513,2513,2513,2513,2513,2513,2513,2513,2513,2513,2513,2513,2513,2513,2513,2513,2513,2513,2513,2513,2513,2513,2513,2513,2513,2513,2513,2513,2513,2513
2780,2780,2780,2780,2780,2780,2780,2780,2780,2780,2780,2780,2780,2780,2780,2780,2780,2780,2780,2780,2780,2780,2780,2780,2780,2780,2780,2780,2780,2780,2780,2780,2780,2780,2780,2780,2780,2780,2780,2780,2780,2780,2780,2780,2780,2780,2780,2780,2780,2780,2780,2780,2780,2780,2780,2780,2780,2780,2780,2780,2780,2780,2780,2780,2780,2780,2083,2083,2083,2083,2083,2083,2083,2083,2083,2083,2083,2083,2083,2083,2083,2083,2083,2083,2083,2083,2083,2083,2083,2083,2083,2083,2083,2083,2083,2083,2083,2083,2083,2083,2083,2083,2083,2083,2083,2083,2083,2083,2083,2083,2083,2083,2083,2083
1346,1346,1346,1346,1346,1346,1346,1346,1346,1346,1346,1346,1346,1346,1346,1346,1346,1346,1346,1346,1346,1346,1346,1346,1346,1346,1346,1346,1346,1346,1346,1346,1346,1346,1346,1346,1346,1346,1346,1346,1346,1346,1346,1346,1346,1346,1346,1346,1346,1346,1346,1346,1346,1346,1346,1346,1346,1346,1346,1346,1346,1346,1346,1346,1346,1346,2117,2117,2117,2117,2117,2117,2117,2117,2117,2117,2117,2117,2117,2117,2117,2117,2117,2117,2117,2117,2117,2117,2117,2117,2117,2117,2117,2117,2117,2117,2117,2117,2117,2117,2117,2117,2117,2117,2117,2117,2117,2117,2117,2117,2117,2117,2117,2117
1042,1042,1042,1042,1042,1042,1042,1042,1042,1042,1042,1042,1042,1042,1042,1042,1042,1042,1042,1042,1042,1042,1042,1042,1042,1042,1042,1042,1042,1042,1042,1042,1042,1042,1042,1042,1042,1042,1042,1042,1042,1042,1042,1042,1042,1042,1042,1042,1042,1042,1042,1042,1042,1042,1042,1042,1042,1042,1042,1042,1042,1042,1042,1042,1042,1042,2522,2522,2522,2522,2522,2522,2522,2522,2522,2522,2522,2522,2522,2522,2522,2522,2522,2522,2522,2522,2522,2522,2522,2522,2522,2522,2522,2522,2522,2522,2522,2522,2522,2522,2522,2522,2522,2522,2522,2522,2522,2522,2522,2522,2522,2522,2522,2522
533,533,533,533,533,533,533,533,533,533,533,533,533,533,533,533,533,533,533,533,533,533,533,533,533,533,533,533,533,533,533,533,533,533,533,533,533,533,533,533,533,533,533,533,533,533,533,533,533,533,533,533,533,533,533,533,533,533,533,533,533,533,533,533,533,533,2481,2481,2481,2481,2481,2481,2481,2481,2481,2481,2481,2481,2481,2481,2481,2481,2481,2481,2481,2481,2481,2481,2481,2481,2481,2481,2481,2481,2481,2481,2481,2481,2481,2481,2481,2481,2481,2481,2481,2481,2481,2481,2481,2481,2481,2481,2481,2481
1272,1272,1272,1272,1272,1272,1272,1272,1272,1272,1272,1272,1272,1272,1272,1272,1272,1272,1272,1272,1272,1272,1272,1272,1272,1272,1272,1272,1272,1272,1272,1272,1272,1272,1272,1272,1272,1272,1272,1272,1272,1272,1272,1272,1272,1272,1272,1272,1272,1272,1272,1272,1272,1272,1272,1272,1272,1272,1272,1272,1272,1272,1272,1272,1272,1272,2746,2746,2746,2746,2746,2746,2746,2746,2746,2746,2746,2746,2746,2746,2746,2746,2746,2746,2746,2746,2746,2746,2746,2746,2746,2746,2746,2746,2746,2746,2746,2746,2746,2746,2746,2746,2746,2746,2746,2746,2746,2746,2746,2746,2746,2746,2746,2746
836,836,836,836,836,836,836,836,836,836,836,836,836,836,836,836,836,836,836,836,836,836,836,836,836,836,836,836,836,836,836,836,836,836,836,836,836,836,836,836,836,836,836,836,836,836,836,836,836,836,836,836,836,836,836,836,836,836,836,836,836,836,836,836,836,836,2305,2305,2305,2305,2305,2305,2305,2305,2305,2305,2305,2305,2305,2305,2305,2305,2305,2305,2305,2305,2305,2305,2305,2305,2305,2305,2305,2305,2305,2305,2305,2305,2305,2305,2305,2305,2305,2305,2305,2305,2305,2305,2305,2305,2305,2305,2305,2305
1192,1192,1192,1192,1192,1192,1192,1192,1192,1192,1192,1192,1192,1192,1192,1192,1192,1192,1192,1192,1192,1192,1192,1192,1192,1192,1192,1192,1192,1192,1192,1192,1192,1192,1192,1192,1192,1192,1192,1192,1192,1192,1192,1192,1192,1192,1192,1192,1192,1192,1192,1192,1192,1192,1192,1192,1192,1192,1192,1192,1192,1192,1192,1192,1192,1192,1202,1202,1202,1202,1202,1202,1202,1202,1202,1202,1202,1202,1202,1202,1202,1202,1202,1202,1202,1202,1202,1202,1202,1202,1202,1202,1202,1202,1202,1202,1202,1202,1202,1202,1202,1202,1202,1202,1202,1202,1202,1202,1202,1202,1202,1202,1202,1202
329,329,329,329,329,329,329,329,329,329,329,329,329,329,329,329,329,329,329,329,329,329,329,329,329,329,329,329,329,329,329,329,329,329,329,329,329,329,329,329,329,329,329,329,329,329,329,329,329,329,329,329,329,329,329,329,329,329,329,329,329,329,329,329,329,329,1451,1451,1451,1451,1451,1451,1451,1451,1451,1451,1451,1451,1451,1451,1451,1451,1451,1451,1451,1451,1451,1451,1451,1451,1451,1451,1451,1451,1451,1451,1451,1451,1451,1451,1451,1451,1451,1451,1451,1451,1451,1451,1451,1451,1451,1451,1451,1451
779,779,779,779,779,779,779,779,779,779,779,779,779,779,779,779,779,779,779,779,779,779,779,779,779,779,779,779,779,779,779,779,779,779,779,779,779,779,779,779,779,779,779,779,779,779,779,779,779,779,779,779,779,779,779,779,779,779,779,779,779,779,779,779,779,779,2693,2693,2693,2693,2693,2693,2693,2693,2693,2693,2693,2693,2693,2693,2693,2693,2693,2693,2693,2693,2693,2693,2693,2693,2693,2693,2693,2693,2693,2693,2693,2693,2693,2693,2693,2693,2693,2693,2693,2693,2693,2693,2693,2693,2693,2693,2693,2693
660,660,660,660,660,660,660,660,660,660,660,660,660,660,660,660,660,660,660,660,660,660,660,660,660,660,660,660,660,660,660,660,660,660,660,660,660,660,660,660,660,660,660,660,660,660,660,660,660,660,660,660,660,660,660,660,660,660,660,660,660,660,660,660,660,660,2103,2103,2103,2103,2103,2103,2103,2103,2103,2103,2103,2103,2103,2103,2103,2103,2103,2103,2103,2103,2103,2103,2103,2103,2103,2103,2103,2103,2103,2103,2103,2103,2103,2103,2103,2103,2103,2103,2103,2103,2103,2103,2103,2103,2103,2103,2103,2103
482,482,482,482,482,482,482,482,482,482,482,482,482,482,482,482,482,482,482,482,482,482,482,482,482,482,482,482,482,482,482,482,482,482,482,482,482,482,482,482,482,482,482,482,482,482,482,482,482,482,482,482,482,482,482,482,482,482,482,482,482,482,482,482,482,482,2560,2560,2560,2560,2560,2560,2560,2560,2560,2560,2560,2560,2560,2560,2560,2560,2560,2560,2560,2560,2560,2560,2560,2560,2560,2560,2560,2560,2560,2560,2560,2560,2560,2560,2560,2560,2560,2560,2560,2560,2560,2560,2560,2560,2560,2560,2560,2560
294,294,294,294,294,294,294,294,294,294,294,294,294,294,294,294,294,294,294,294,294,294,294,294,294,294,294,294,294,294,294,294,294,294,294,294,294,294,294,294,294,294,294,294,294,294,294,294,294,294,294,294,294,294,294,294,294,294,294,294,294,294,294,294,294,294,1958,1958,1958,1958,1958,1958,1958,1958,1958,1958,1958,1958,1958,1958,1958,1958,1958,1958,1958,1958,1958,1958,1958,1958,1958,1958,1958,1958,1958,1958,1958,1958,1958,1958,1958,1958,1958,1958,1958,1958,1958,1958,1958,1958,1958,1958,1958,1958
454,454,454,454,454,454,454,454,454,454,454,454,454,454,454,454,454,454,454,454,454,454,454,454,454,454,454,454,454,454,454,454,454,454,454,454,454,454,454,454,454,454,454,454,454,454,454,454,454,454,454,454,454,454,454,454,454,454,454,454,454,454,454,454,454,454,2510,2510,2510,2510,2510,2510,2510,2510,2510,2510,2510,2510,2510,2510,2510,2510,2510,2510,2510,2510,2510,2510,2510,2510,2510,2510,2510,2510,2510,2510,2510,2510,2510,2510,2510,2510,2510,2510,2510,2510,2510,2510,2510,2510,2510,2510,2510,2510
877,877,877,877,877,877,877,877,877,877,877,877,877,877,877,877,877,877,877,877,877,877,877,877,877,877,877,877,877,877,877,877,877,877,877,877,877,877,877,877,877,877,877,877,877,877,877,877,877,877,877,877,877,877,877,877,877,877,877,877,877,877,877,877,877,877,2638,2638,2638,2638,2638,2638,2638,2638,2638,2638,2638,2638,2638,2638,2638,2638,2638,2638,2638,2638,2638,2638,2638,2638,2638,2638,2638,2638,2638,2638,2638,2638,2638,2638,2638,2638,2638,2638,2638,2638,2638,2638,2638,2638,2638,2638,2638,2638
656,656,656,656,656,656,656,656,656,656,656,656,656,656,656,656,656,656,656,656,656,656,656,656,656,656,656,656,656,656,656,656,656,656,656,656,656,656,656,656,656,656,656,656,656,656,656,656,656,656,656,656,656,656,656,656,656,656,656,656,656,656,656,656,656,656,2421,2421,2421,2421,2421,2421,2421,2421,2421,2421,2421,2421,2421,2421,2421,2421,2421,2421,2421,2421,2421,2421,2421,2421,2421,2421,2421,2421,2421,2421,2421,2421,2421,2421,2421,2421,2421,2421,2421,2421,2421,2421,2421,2421,2421,2421,2421,2421
509,509,509,509,509,509,509,509,509,509,509,509,509,509,509,509,509,509,509,509,509,509,509,509,509,509,509,509,509,509,509,509,509,509,509,509,509,509,509,509,509,509,509,509,509,509,509,509,509,509,509,509,509,509,509,509,509,509,509,509,509,509,509,509,509,509,2259,2259,2259,2259,2259,2259,2259,2259,2259,2259,2259,2259,2259,2259,2259,2259,2259,2259,2259,2259,2259,2259,2259,2259,2259,2259,2259,2259,2259,2259,2259,2259,2259,2259,2259,2259,2259,2259,2259,2259,2259,2259,2259,2259,2259,2259,2259,2259
1941,1941,1941,1941,1941,1941,1941,1941,1941,1941,1941,1941,1941,1941,1941,1941,1941,1941,1941,1941,1941,1941,1941,1941,1941,1941,1941,1941,1941,1941,1941,1941,1941,1941,1941,1941,1941,1941,1941,1941,1941,1941,1941,1941,1941,1941,1941,1941,1941,1941,1941,1941,1941,1941,1941,1941,1941,1941,1941,1941,1941,1941,1941,1941,1941,1941,1755,1755,1755,1755,1755,1755,1755,1755,1755,1755,1755,1755,1755,1755,1755,1755,1755,1755,1755,1755,1755,1755,1755,1755,1755,1755,1755,1755,1755,1755,1755,1755,1755,1755,1755,1755,1755,1755,1755,1755,1755,1755,1755,1755,1755,1755,1755,1755
823,823,823,823,823,823,823,823,823,823,823,823,823,823,823,823,823,823,823,823,823,823,823,823,823,823,823,823,823,823,823,823,823,823,823,823,823,823,823,823,823,823,823,823,823,823,823,823,823,823,823,823,823,823,823,823,823,823,823,823,823,823,823,823,823,823,2183,2183,2183,2183,2183,2183,2183,2183,2183,2183,2183,2183,2183,2183,2183,2183,2183,2183,2183,2183,2183,2183,2183,2183,2183,2183,2183,2183,2183,2183,2183,2183,2183,2183,2183,2183,2183,2183,2183,2183,2183,2183,2183,2183,2183,2183,2183,2183
1014,1014,1014,1014,1014,1014,1014,1014,1014,1014,1014,1014,1014,1014,1014,1014,1014,1014,1014,1014,1014,1014,1014,1014,1014,1014,1014,1014,1014,1014,1014,1014,1014,1014,1014,1014,1014,1014,1014,1014,1014,1014,1014,1014,1014,1014,1014,1014,1014,1014,1014,1014,1014,1014,1014,1014,1014,1014,1014,1014,1014,1014,1014,1014,1014,1014,2156,2156,2156,2156,2156,2156,2156,2156,2156,2156,2156,2156,2156,2156,2156,2156,2156,2156,2156,2156,2156,2156,2156,2156,2156,2156,2156,2156,2156,2156,2156,2156,2156,2156,2156,2156,2156,2156,2156,2156,2156,2156,2156,2156,2156,2156,2156,2156
495,495,495,495,495,495,495,495,495,495,495,495,495,495,495,495,495,495,495,495,495,495,495,495,495,495,495,495,495,495,495,495,495,495,495,495,495,495,495,495,495,495,495,495,495,495,495,495,495,495,495,495,495,495,495,495,495,495,495,495,495,495,495,495,495,495,2375,2375,2375,2375,2375,2375,2375,2375,2375,2375,2375,2375,2375,2375,2375,2375,2375,2375,2375,2375,2375,2375,2375,2375,2375,2375,2375,2375,2375,2375,2375,2375,2375,2375,2375,2375,2375,2375,2375,2375,2375,2375,2375,2375,2375,2375,2375,2375
517,517,517,517,517,517,517,517,517,517,517,517,517,517,517,517,517,517,517,517,517,517,517,517,517,517,517,517,517,517,517,517,517,517,517,517,517,517,517,517,517,517,517,517,517,517,517,517,517,517,517,517,517,517,517,517,517,517,517,517,517,517,517,517,517,517,1822,1822,1822,1822,1822,1822,1822,1822,1822,1822,1822,1822,1822,1822,1822,1822,1822,1822,1822,1822,1822,1822,1822,1822,1822,1822,1822,1822,1822,1822,1822,1822,1822,1822,1822,1822,1822,1822,1822,1822,1822,1822,1822,1822,1822,1822,1822,1822
2440,2440,2440,2440,2440,2440,2440,2440,2440,2440,2440,2440,2440,2440,2440,2440,2440,2440,2440,2440,2440,2440,2440,2440,2440,2440,2440,2440,2440,2440,2440,2440,2440,2440,2440,2440,2440,2440,2440,2440,2440,2440,2440,2440,2440,2440,2440,2440,2440,2440,2440,2440,2440,2440,2440,2440,2440,2440,2440,2440,2440,2440,2440,2440,2440,2440,2585,2585,2585,2585,2585,2585,2585,2585,2585,2585,2585,2585,2585,2585,2585,2585,2585,2585,2585,2585,2585,2585,2585,2585,2585,2585,2585,2585,2585,2585,2585,2585,2585,2585,2585,2585,2585,2585,2585,2585,2585,2585,2585,2585,2585,2585,2585,2585
425,425,425,425,425,425,425,425,425,425,425,425,425,425,425,425,425,425,425,425,425,425,425,425,425,425,425,425,425,425,425,425,425,425,425,425,425,425,425,425,425,425,425,425,425,425,425,425,425,425,425,425,425,425,425,425,425,425,425,425,425,425,425,425,425,425,1765,1765,1765,1765,1765,1765,1765,1765,1765,1765,1765,1765,1765,1765,1765,1765,1765,1765,1765,1765,1765,1765,1765,1765,1765,1765,1765,1765,1765,1765,1765,1765,1765,1765,1765,1765,1765,1765,1765,1765,1765,1765,1765,1765,1765,1765,1765,1765
244,244,244,244,244,244,244,244,244,244,244,244,244,244,244,244,244,244,244,244,244,244,244,244,244,244,244,244,244,244,244,244,244,244,244,244,244,244,244,244,244,244,244,244,244,244,244,244,244,244,244,244,244,244,244,244,244,244,244,244,244,244,244,244,244,244,1475,1475,1475,1475,1475,1475,1475,1475,1475,1475,1475,1475,1475,1475,1475,1475,1475,1475,1475,1475,1475,1475,1475,1475,1475,1475,1475,1475,1475,1475,1475,1475,1475,1475,1475,1475,1475,1475,1475,1475,1475,1475,1475,1475,1475,1475,1475,1475
657,657,657,657,657,657,657,657,657,657,657,657,657,657,657,657,657,657,657,657,657,657,657,657,657,657,657,657,657,657,657,657,657,657,657,657,657,657,657,657,657,657,657,657,657,657,657,657,657,657,657,657,657,657,657,657,657,657,657,657,657,657,657,657,657,657,1737,1737,1737,1737,1737,1737,1737,1737,1737,1737,1737,1737,1737,1737,1737,1737,1737,1737,1737,1737,1737,1737,1737,1737,1737,1737,1737,1737,1737,1737,1737,1737,1737,1737,1737,1737,1737,1737,1737,1737,1737,1737,1737,1737,1737,1737,1737,1737
479,479,479,479,479,479,479,479,479,479,479,479,479,479,479,479,479,479,479,479,479,479,479,479,479,479,479,479,479,479,479,479,479,479,479,479,479,479,479,479,479,479,479,479,479,479,479,479,479,479,479,479,479,479,479,479,479,479,479,479,479,479,479,479,479,479,2341,2341,2341,2341,2341,2341,2341,2341,2341,2341,2341,2341,2341,2341,2341,2341,2341,2341,2341,2341,2341,2341,2341,2341,2341,2341,2341,2341,2341,2341,2341,2341,2341,2341,2341,2341,2341,2341,2341,2341,2341,2341,2341,2341,2341,2341,2341,2341
857,857,857,857,857,857,857,857,857,857,857,857,857,857,857,857,857,857,857,857,857,857,857,857,857,857,857,857,857,857,857,857,857,857,857,857,857,857,857,857,857,857,857,857,857,857,857,857,857,857,857,857,857,857,857,857,857,857,857,857,857,857,857,857,857,857,2241,2241,2241,2241,2241,2241,2241,2241,2241,2241,2241,2241,2241,2241,2241,2241,2241,2241,2241,2241,2241,2241,2241,2241,2241,2241,2241,2241,2241,2241,2241,2241,2241,2241,2241,2241,2241,2241,2241,2241,2241,2241,2241,2241,2241,2241,2241,2241
552,552,552,552,552,552,552,552,552,552,552,552,552,552,552,552,552,552,552,552,552,552,552,552,552,552,552,552,552,552,552,552,552,552,552,552,552,552,552,552,552,552,552,552,552,552,552,552,552,552,552,552,552,552,552,552,552,552,552,552,552,552,552,552,552,552,2096,2096,2096,2096,2096,2096,2096,2096,2096,2096,2096,2096,2096,2096,2096,2096,2096,2096,2096,2096,2096,2096,2096,2096,2096,2096,2096,2096,2096,2096,2096,2096,2096,2096,2096,2096,2096,2096,2096,2096,2096,2096,2096,2096,2096,2096,2096,2096
413,413,413,413,413,413,413,413,413,413,413,413,413,413,413,413,413,413,413,413,413,413,413,413,413,413,413,413,413,413,413,413,413,413,413,413,413,413,413,413,413,413,413,413,413,413,413,413,413,413,413,413,413,413,413,413,413,413,413,413,413,413,413,413,413,413,2384,2384,2384,2384,2384,2384,2384,2384,2384,2384,2384,2384,2384,2384,2384,2384,2384,2384,2384,2384,2384,2384,2384,2384,2384,2384,2384,2384,2384,2384,2384,2384,2384,2384,2384,2384,2384,2384,2384,2384,2384,2384,2384,2384,2384,2384,2384,2384
951,951,951,951,951,951,951,951,951,951,951,951,951,951,951,951,951,951,951,951,951,951,951,951,951,951,951,951,951,951,951,951,951,951,951,951,951,951,951,951,951,951,951,951,951,951,951,951,951,951,951,951,951,951,951,951,951,951,951,951,951,951,951,951,951,951,2412,2412,2412,2412,2412,2412,2412,2412,2412,2412,2412,2412,2412,2412,2412,2412,2412,2412,2412,2412,2412,2412,2412,2412,2412,2412,2412,2412,2412,2412,2412,2412,2412,2412,2412,2412,2412,2412,2412,2412,2412,2412,2412,2412,2412,2412,2412,2412
397,397,397,397,397,397,397,397,397,397,397,397,397,397,397,397,397,397,397,397,397,397,397,397,397,397,397,397,397,397,397,397,397,397,397,397,397,397,397,397,397,397,397,397,397,397,397,397,397,397,397,397,397,397,397,397,397,397,397,397,397,397,397,397,397,397,2187,2187,2187,2187,2187,2187,2187,2187,2187,2187,2187,2187,2187,2187,2187,2187,2187,2187,2187,2187,2187,2187,2187,2187,2187,2187,2187,2187,2187,2187,2187,2187,2187,2187,2187,2187,2187,2187,2187,2187,2187,2187,2187,2187,2187,2187,2187,2187
761,761,761,761,761,761,761,761,761,761,761,761,761,761,761,761,761,761,761,761,761,761,761,761,761,761,761,761,761,761,761,761,761,761,761,761,761,761,761,761,761,761,761,761,761,761,761,761,761,761,761,761,761,761,761,761,761,761,761,761,761,761,761,761,761,761,2197,2197,2197,2197,2197,2197,2197,2197,2197,2197,2197,2197,2197,2197,2197,2197,2197,2197,2197,2197,2197,2197,2197,2197,2197,2197,2197,2197,2197,2197,2197,2197,2197,2197,2197,2197,2197,2197,2197,2197,2197,2197,2197,2197,2197,2197,2197,2197
1822,1822,1822,1822,1822,1822,1822,1822,1822,1822,1822,1822,1822,1822,1822,1822,1822,1822,1822,1822,1822,1822,1822,1822,1822,1822,1822,1822,1822,1822,1822,1822,1822,1822,1822,1822,1822,1822,1822,1822,1822,1822,1822,1822,1822,1822,1822,1822,1822,1822,1822,1822,1822,1822,1822,1822,1822,1822,1822,1822,1822,1822,1822,1822,1822,1822,1811,1811,1811,1811,1811,1811,1811,1811,1811,1811,1811,1811,1811,1811,1811,1811,1811,1811,1811,1811,1811,1811,1811,1811,1811,1811,1811,1811,1811,1811,1811,1811,1811,1811,1811,1811,1811,1811,1811,1811,1811,1811,1811,1811,1811,1811,1811,1811
4071,4071,4071,4071,4071,4071,4071,4071,4071,4071,4071,4071,4071,4071,4071,4071,4071,4071,4071,4071,4071,4071,4071,4071,4071,4071,4071,4071,4071,4071,4071,4071,4071,4071,4071,4071,4071,4071,4071,4071,4071,4071,4071,4071,4071,4071,4071,4071,4071,4071,4071,4071,4071,4071,4071,4071,4071,4071,4071,4071,4071,4071,4071,4071,4071,4071,1799,1799,1799,1799,1799,1799,1799,1799,1799,1799,1799,1799,1799,1799,1799,1799,1799,1799,1799,1799,1799,1799,1799,1799,1799,1799,1799,1799,1799,1799,1799,1799,1799,1799,1799,1799,1799,1799,1799,1799,1799,1799,1799,1799,1799,1799,1799,1799
1314,1314,1314,1314,1314,1314,1314,1314,1314,1314,1314,1314,1314,1314,1314,1314,1314,1314,1314,1314,1314,1314,1314,1314,1314,1314,1314,1314,1314,1314,1314,1314,1314,1314,1314,1314,1314,1314,1314,1314,1314,1314,1314,1314,1314,1314,1314,1314,1314,1314,1314,1314,1314,1314,1314,1314,1314,1314,1314,1314,1314,1314,1314,1314,1314,1314,1635,1635,1635,1635,1635,1635,1635,1635,1635,1635,1635,1635,1635,1635,1635,1635,1635,1635,1635,1635,1635,1635,1635,1635,1635,1635,1635,1635,1635,1635,1635,1635,1635,1635,1635,1635,1635,1635,1635,1635,1635,1635,1635,1635,1635,1635,1635,1635
489,489,489,489,489,489,489,489,489,489,489,489,489,489,489,489,489,489,489,489,489,489,489,489,489,489,489,489,489,489,489,489,489,489,489,489,489,489,489,489,489,489,489,489,489,489,489,489,489,489,489,489,489,489,489,489,489,489,489,489,489,489,489,489,489,489,2266,2266,2266,2266,2266,2266,2266,2266,2266,2266,2266,2266,2266,2266,2266,2266,2266,2266,2266,2266,2266,2266,2266,2266,2266,2266,2266,2266,2266,2266,2266,2266,2266,2266,2266,2266,2266,2266,2266,2266,2266,2266,2266,2266,2266,2266,2266,2266
303,303,303,303,303,303,303,303,303,303,303,303,303,303,303,303,303,303,303,303,303,303,303,303,303,303,303,303,303,303,303,303,303,303,303,303,303,303,303,303,303,303,303,303,303,303,303,303,303,303,303,303,303,303,303,303,303,303,303,303,303,303,303,303,303,303,2023,2023,2023,2023,2023,2023,2023,2023,2023,2023,2023,2023,2023,2023,2023,2023,2023,2023,2023,2023,2023,2023,2023,2023,2023,2023,2023,2023,2023,2023,2023,2023,2023,2023,2023,2023,2023,2023,2023,2023,2023,2023,2023,2023,2023,2023,2023,2023
902,902,902,902,902,902,902,902,902,902,902,902,902,902,902,902,902,902,902,902,902,902,902,902,902,902,902,902,902,902,902,902,902,902,902,902,902,902,902,902,902,902,902,902,902,902,902,902,902,902,902,902,902,902,902,902,902,902,902,902,902,902,902,902,902,902,2635,2635,2635,2635,2635,2635,2635,2635,2635,2635,2635,2635,2635,2635,2635,2635,2635,2635,2635,2635,2635,2635,2635,2635,2635,2635,2635,2635,2635,2635,2635,2635,2635,2635,2635,2635,2635,2635,2635,2635,2635,2635,2635,2635,2635,2635,2635,2635
2276,2276,2276,2276,2276,2276,2276,2276,2276,2276,2276,2276,2276,2276,2276,2276,2276,2276,2276,2276,2276,2276,2276,2276,2276,2276,2276,2276,2276,2276,2276,2276,2276,2276,2276,2276,2276,2276,2276,2276,2276,2276,2276,2276,2276,2276,2276,2276,2276,2276,2276,2276,2276,2276,2276,2276,2276,2276,2276,2276,2276,2276,2276,2276,2276,2276,2248,2248,2248,2248,2248,2248,2248,2248,2248,2248,2248,2248,2248,2248,2248,2248,2248,2248,2248,2248,2248,2248,2248,2248,2248,2248,2248,2248,2248,2248,2248,2248,2248,2248,2248,2248,2248,2248,2248,2248,2248,2248,2248,2248,2248,2248,2248,2248
312,312,312,312,312,312,312,312,312,312,312,312,312,312,312,312,312,312,312,312,312,312,312,312,312,312,312,312,312,312,312,312,312,312,312,312,312,312,312,312,312,312,312,312,312,312,312,312,312,312,312,312,312,312,312,312,312,312,312,312,312,312,312,312,312,312,2538,2538,2538,2538,2538,2538,2538,2538,2538,2538,2538,2538,2538,2538,2538,2538,2538,2538,2538,2538,2538,2538,2538,2538,2538,2538,2538,2538,2538,2538,2538,2538,2538,2538,2538,2538,2538,2538,2538,2538,2538,2538,2538,2538,2538,2538,2538,2538
8394,8394,8394,8394,8394,8394,8394,8394,8394,8394,8394,8394,8394,8394,8394,8394,8394,8394,8394,8394,8394,8394,8394,8394,8394,8394,8394,8394,8394,8394,8394,8394,8394,8394,8394,8394,8394,8394,8394,8394,8394,8394,8394,8394,8394,8394,8394,8394,8394,8394,8394,8394,8394,8394,8394,8394,8394,8394,8394,8394,8394,8394,8394,8394,8394,8394,2539,2539,2539,2539,2539,2539,2539,2539,2539,2539,2539,2539,2539,2539,2539,2539,2539,2539,2539,2539,2539,2539,2539,2539,2539,2539,2539,2539,2539,2539,2539,2539,2539,2539,2539,2539,2539,2539,2539,2539,2539,2539,2539,2539,2539,2539,2539,2539
996,996,996,996,996,996,996,996,996,996,996,996,996,996,996,996,996,996,996,996,996,996,996,996,996,996,996,996,996,996,996,996,996,996,996,996,996,996,996,996,996,996,996,996,996,996,996,996,996,996,996,996,996,996,996,996,996,996,996,996,996,996,996,996,996,996,2967,2967,2967,2967,2967,2967,2967,2967,2967,2967,2967,2967,2967,2967,2967,2967,2967,2967,2967,2967,2967,2967,2967,2967,2967,2967,2967,2967,2967,2967,2967,2967,2967,2967,2967,2967,2967,2967,2967,2967,2967,2967,2967,2967,2967,2967,2967,2967
252,252,252,252,252,252,252,252,252,252,252,252,252,252,252,252,252,252,252,252,252,252,252,252,252,252,252,252,252,252,252,252,252,252,252,252,252,252,252,252,252,252,252,252,252,252,252,252,252,252,252,252,252,252,252,252,252,252,252,252,252,252,252,252,252,252,3008,3008,3008,3008,3008,3008,3008,3008,3008,3008,3008,3008,3008,3008,3008,3008,3008,3008,3008,3008,3008,3008,3008,3008,3008,3008,3008,3008,3008,3008,3008,3008,3008,3008,3008,3008,3008,3008,3008,3008,3008,3008,3008,3008,3008,3008,3008,3008
390,390,390,390,390,390,390,390,390,390,390,390,390,390,390,390,390,390,390,390,390,390,390,390,390,390,390,390,390,390,390,390,390,390,390,390,390,390,390,390,390,390,390,390,390,390,390,390,390,390,390,390,390,390,390,390,390,390,390,390,390,390,390,390,390,390,2530,2530,2530,2530,2530,2530,2530,2530,2530,2530,2530,2530,2530,2530,2530,2530,2530,2530,2530,2530,2530,2530,2530,2530,2530,2530,2530,2530,2530,2530,2530,2530,2530,2530,2530,2530,2530,2530,2530,2530,2530,2530,2530,2530,2530,2530,2530,2530
549,549,549,549,549,549,549,549,549,549,549,549,549,549,549,549,549,549,549,549,549,549,549,549,549,549,549,549,549,549,549,549,549,549,549,549,549,549,549,549,549,549,549,549,549,549,549,549,549,549,549,549,549,549,549,549,549,549,549,549,549,549,549,549,549,549,2199,2199,2199,2199,2199,2199,2199,2199,2199,2199,2199,2199,2199,2199,2199,2199,2199,2199,2199,2199,2199,2199,2199,2199,2199,2199,2199,2199,2199,2199,2199,2199,2199,2199,2199,2199,2199,2199,2199,2199,2199,2199,2199,2199,2199,2199,2199,2199
114,114,114,114,114,114,114,114,114,114,114,114,114,114,114,114,114,114,114,114,114,114,114,114,114,114,114,114,114,114,114,114,114,114,114,114,114,114,114,114,114,114,114,114,114,114,114,114,114,114,114,114,114,114,114,114,114,114,114,114,114,114,114,114,114,114,2784,2784,2784,2784,2784,2784,2784,2784,2784,2784,2784,2784,2784,2784,2784,2784,2784,2784,2784,2784,2784,2784,2784,2784,2784,2784,2784,2784,2784,2784,2784,2784,2784,2784,2784,2784,2784,2784,2784,2784,2784,2784,2784,2784,2784,2784,2784,2784
305,305,305,305,305,305,305,305,305,305,305,305,305,305,305,305,305,305,305,305,305,305,305,305,305,305,305,305,305,305,305,305,305,305,305,305,305,305,305,305,305,305,305,305,305,305,305,305,305,305,305,305,305,305,305,305,305,305,305,305,305,305,305,305,305,305,3118,3118,3118,3118,3118,3118,3118,3118,3118,3118,3118,3118,3118,3118,3118,3118,3118,3118,3118,3118,3118,3118,3118,3118,3118,3118,3118,3118,3118,3118,3118,3118,3118,3118,3118,3118,3118,3118,3118,3118,3118,3118,3118,3118,3118,3118,3118,3118
755,755,755,755,755,755,755,755,755,755,755,755,755,755,755,755,755,755,755,755,755,755,755,755,755,755,755,755,755,755,755,755,755,755,755,755,755,755,755,755,755,755,755,755,755,755,755,755,755,755,755,755,755,755,755,755,755,755,755,755,755,755,755,755,755,755,2557,2557,2557,2557,2557,2557,2557,2557,2557,2557,2557,2557,2557,2557,2557,2557,2557,2557,2557,2557,2557,2557,2557,2557,2557,2557,2557,2557,2557,2557,2557,2557,2557,2557,2557,2557,2557,2557,2557,2557,2557,2557,2557,2557,2557,2557,2557,2557
1522,1522,1522,1522,1522,1522,1522,1522,1522,1522,1522,1522,1522,1522,1522,1522,1522,1522,1522,1522,1522,1522,1522,1522,1522,1522,1522,1522,1522,1522,1522,1522,1522,1522,1522,1522,1522,1522,1522,1522,1522,1522,1522,1522,1522,1522,1522,1522,1522,1522,1522,1522,1522,1522,1522,1522,1522,1522,1522,1522,1522,1522,1522,1522,1522,1522,2349,2349,2349,2349,2349,2349,2349,2349,2349,2349,2349,2349,2349,2349,2349,2349,2349,2349,2349,2349,2349,2349,2349,2349,2349,2349,2349,2349,2349,2349,2349,2349,2349,2349,2349,2349,2349,2349,2349,2349,2349,2349,2349,2349,2349,2349,2349,2349
1526,1526,1526,1526,1526,1526,1526,1526,1526,1526,1526,1526,1526,1526,1526,1526,1526,1526,1526,1526,1526,1526,1526,1526,1526,1526,1526,1526,1526,1526,1526,1526,1526,1526,1526,1526,1526,1526,1526,1526,1526,1526,1526,1526,1526,1526,1526,1526,1526,1526,1526,1526,1526,1526,1526,1526,1526,1526,1526,1526,1526,1526,1526,1526,1526,1526,2017,2017,2017,2017,2017,2017,2017,2017,2017,2017,2017,2017,2017,2017,2017,2017,2017,2017,2017,2017,2017,2017,2017,2017,2017,2017,2017,2017,2017,2017,2017,2017,2017,2017,2017,2017,2017,2017,2017,2017,2017,2017,2017,2017,2017,2017,2017,2017
4781,4781,4781,4781,4781,4781,4781,4781,4781,4781,4781,4781,4781,4781,4781,4781,4781,4781,4781,4781,4781,4781,4781,4781,4781,4781,4781,4781,4781,4781,4781,4781,4781,4781,4781,4781,4781,4781,4781,4781,4781,4781,4781,4781,4781,4781,4781,4781,4781,4781,4781,4781,4781,4781,4781,4781,4781,4781,4781,4781,4781,4781,4781,4781,4781,4781,2176,2176,2176,2176,2176,2176,2176,2176,2176,2176,2176,2176,2176,2176,2176,2176,2176,2176,2176,2176,2176,2176,2176,2176,2176,2176,2176,2176,2176,2176,2176,2176,2176,2176,2176,2176,2176,2176,2176,2176,2176,2176,2176,2176,2176,2176,2176,2176
1092,1092,1092,1092,1092,1092,1092,1092,1092,1092,1092,1092,1092,1092,1092,1092,1092,1092,1092,1092,1092,1092,1092,1092,1092,1092,1092,1092,1092,1092,1092,1092,1092,1092,1092,1092,1092,1092,1092,1092,1092,1092,1092,1092,1092,1092,1092,1092,1092,1092,1092,1092,1092,1092,1092,1092,1092,1092,1092,1092,1092,1092,1092,1092,1092,1092,2562,2562,2562,2562,2562,2562,2562,2562,2562,2562,2562,2562,2562,2562,2562,2562,2562,2562,2562,2562,2562,2562,2562,2562,2562,2562,2562,2562,2562,2562,2562,2562,2562,2562,2562,2562,2562,2562,2562,2562,2562,2562,2562,2562,2562,2562,2562,2562
777,777,777,777,777,777,777,777,777,777,777,777,777,777,777,777,777,777,777,777,777,777,777,777,777,777,777,777,777,777,777,777,777,777,777,777,777,777,777,777,777,777,777,777,777,777,777,777,777,777,777,777,777,777,777,777,777,777,777,777,777,777,777,777,777,777,2179,2179,2179,2179,2179,2179,2179,2179,2179,2179,2179,2179,2179,2179,2179,2179,2179,2179,2179,2179,2179,2179,2179,2179,2179,2179,2179,2179,2179,2179,2179,2179,2179,2179,2179,2179,2179,2179,2179,2179,2179,2179,2179,2179,2179,2179,2179,2179
948,948,948,948,948,948,948,948,948,948,948,948,948,948,948,948,948,948,948,948,948,948,948,948,948,948,948,948,948,948,948,948,948,948,948,948,948,948,948,948,948,948,948,948,948,948,948,948,948,948,948,948,948,948,948,948,948,948,948,948,948,948,948,948,948,948,2623,2623,2623,2623,2623,2623,2623,2623,2623,2623,2623,2623,2623,2623,2623,2623,2623,2623,2623,2623,2623,2623,2623,2623,2623,2623,2623,2623,2623,2623,2623,2623,2623,2623,2623,2623,2623,2623,2623,2623,2623,2623,2623,2623,2623,2623,2623,2623
936,936,936,936,936,936,936,936,936,936,936,936,936,936,936,936,936,936,936,936,936,936,936,936,936,936,936,936,936,936,936,936,936,936,936,936,936,936,936,936,936,936,936,936,936,936,936,936,936,936,936,936,936,936,936,936,936,936,936,936,936,936,936,936,936,936,2302,2302,2302,2302,2302,2302,2302,2302,2302,2302,2302,2302,2302,2302,2302,2302,2302,2302,2302,2302,2302,2302,2302,2302,2302,2302,2302,2302,2302,2302,2302,2302,2302,2302,2302,2302,2302,2302,2302,2302,2302,2302,2302,2302,2302,2302,2302,2302
2768,2768,2768,2768,2768,2768,2768,2768,2768,2768,2768,2768,2768,2768,2768,2768,2768,2768,2768,2768,2768,2768,2768,2768,2768,2768,2768,2768,2768,2768,2768,2768,2768,2768,2768,2768,2768,2768,2768,2768,2768,2768,2768,2768,2768,2768,2768,2768,2768,2768,2768,2768,2768,2768,2768,2768,2768,2768,2768,2768,2768,2768,2768,2768,2768,2768,2091,2091,2091,2091,2091,2091,2091,2091,2091,2091,2091,2091,2091,2091,2091,2091,2091,2091,2091,2091,2091,2091,2091,2091,2091,2091,2091,2091,2091,2091,2091,2091,2091,2091,2091,2091,2091,2091,2091,2091,2091,2091,2091,2091,2091,2091,2091,2091
1899,1899,1899,1899,1899,1899,1899,1899,1899,1899,1899,1899,1899,1899,1899,1899,1899,1899,1899,1899,1899,1899,1899,1899,1899,1899,1899,1899,1899,1899,1899,1899,1899,1899,1899,1899,1899,1899,1899,1899,1899,1899,1899,1899,1899,1899,1899,1899,1899,1899,1899,1899,1899,1899,1899,1899,1899,1899,1899,1899,1899,1899,1899,1899,1899,1899,1909,1909,1909,1909,1909,1909,1909,1909,1909,1909,1909,1909,1909,1909,1909,1909,1909,1909,1909,1909,1909,1909,1909,1909,1909,1909,1909,1909,1909,1909,1909,1909,1909,1909,1909,1909,1909,1909,1909,1909,1909,1909,1909,1909,1909,1909,1909,1909
352,352,352,352,352,352,352,352,352,352,352,352,352,352,352,352,352,352,352,352,352,352,352,352,352,352,352,352,352,352,352,352,352,352,352,352,352,352,352,352,352,352,352,352,352,352,352,352,352,352,352,352,352,352,352,352,352,352,352,352,352,352,352,352,352,352,2052,2052,2052,2052,2052,2052,2052,2052,2052,2052,2052,2052,2052,2052,2052,2052,2052,2052,2052,2052,2052,2052,2052,2052,2052,2052,2052,2052,2052,2052,2052,2052,2052,2052,2052,2052,2052,2052,2052,2052,2052,2052,2052,2052,2052,2052,2052,2052
1049,1049,1049,1049,1049,1049,1049,1049,1049,1049,1049,1049,1049,1049,1049,1049,1049,1049,1049,1049,1049,1049,1049,1049,1049,1049,1049,1049,1049,1049,1049,1049,1049,1049,1049,1049,1049,1049,1049,1049,1049,1049,1049,1049,1049,1049,1049,1049,1049,1049,1049,1049,1049,1049,1049,1049,1049,1049,1049,1049,1049,1049,1049,1049,1049,1049,1981,1981,1981,1981,1981,1981,1981,1981,1981,1981,1981,1981,1981,1981,1981,1981,1981,1981,1981,1981,1981,1981,1981,1981,1981,1981,1981,1981,1981,1981,1981,1981,1981,1981,1981,1981,1981,1981,1981,1981,1981,1981,1981,1981,1981,1981,1981,1981
6957,6957,6957,6957,6957,6957,6957,6957,6957,6957,6957,6957,6957,6957,6957,6957,6957,6957,6957,6957,6957,6957,6957,6957,6957,6957,6957,6957,6957,6957,6957,6957,6957,6957,6957,6957,6957,6957,6957,6957,6957,6957,6957,6957,6957,6957,6957,6957,6957,6957,6957,6957,6957,6957,6957,6957,6957,6957,6957,6957,6957,6957,6957,6957,6957,6957,1466,1466,1466,1466,1466,1466,1466,1466,1466,1466,1466,1466,1466,1466,1466,1466,1466,1466,1466,1466,1466,1466,1466,1466,1466,1466,1466,1466,1466,1466,1466,1466,1466,1466,1466,1466,1466,1466,1466,1466,1466,1466,1466,1466,1466,1466,1466,1466
1662,1662,1662,1662,1662,1662,1662,1662,1662,1662,1662,1662,1662,1662,1662,1662,1662,1662,1662,1662,1662,1662,1662,1662,1662,1662,1662,1662,1662,1662,1662,1662,1662,1662,1662,1662,1662,1662,1662,1662,1662,1662,1662,1662,1662,1662,1662,1662,1662,1662,1662,1662,1662,1662,1662,1662,1662,1662,1662,1662,1662,1662,1662,1662,1662,1662,2742,2742,2742,2742,2742,2742,2742,2742,2742,2742,2742,2742,2742,2742,2742,2742,2742,2742,2742,2742,2742,2742,2742,2742,2742,2742,2742,2742,2742,2742,2742,2742,2742,2742,2742,2742,2742,2742,2742,2742,2742,2742,2742,2742,2742,2742,2742,2742
131,131,131,131,131,131,131,131,131,131,131,131,131,131,131,131,131,131,131,131,131,131,131,131,131,131,131,131,131,131,131,131,131,131,131,131,131,131,131,131,131,131,131,131,131,131,131,131,131,131,131,131,131,131,131,131,131,131,131,131,131,131,131,131,131,131,2545,2545,2545,2545,2545,2545,2545,2545,2545,2545,2545,2545,2545,2545,2545,2545,2545,2545,2545,2545,2545,2545,2545,2545,2545,2545,2545,2545,2545,2545,2545,2545,2545,2545,2545,2545,2545,2545,2545,2545,2545,2545,2545,2545,2545,2545,2545,2545
1038,1038,1038,1038,1038,1038,1038,1038,1038,1038,1038,1038,1038,1038,1038,1038,1038,1038,1038,1038,1038,1038,1038,1038,1038,1038,1038,1038,1038,1038,1038,1038,1038,1038,1038,1038,1038,1038,1038,1038,1038,1038,1038,1038,1038,1038,1038,1038,1038,1038,1038,1038,1038,1038,1038,1038,1038,1038,1038,1038,1038,1038,1038,1038,1038,1038,2687,2687,2687,2687,2687,2687,2687,2687,2687,2687,2687,2687,2687,2687,2687,2687,2687,2687,2687,2687,2687,2687,2687,2687,2687,2687,2687,2687,2687,2687,2687,2687,2687,2687,2687,2687,2687,2687,2687,2687,2687,2687,2687,2687,2687,2687,2687,2687
895,895,895,895,895,895,895,895,895,895,895,895,895,895,895,895,895,895,895,895,895,895,895,895,895,895,895,895,895,895,895,895,895,895,895,895,895,895,895,895,895,895,895,895,895,895,895,895,895,895,895,895,895,895,895,895,895,895,895,895,895,895,895,895,895,895,2187,2187,2187,2187,2187,2187,2187,2187,2187,2187,2187,2187,2187,2187,2187,2187,2187,2187,2187,2187,2187,2187,2187,2187,2187,2187,2187,2187,2187,2187,2187,2187,2187,2187,2187,2187,2187,2187,2187,2187,2187,2187,2187,2187,2187,2187,2187,2187
150,150,150,150,150,150,150,150,150,150,150,150,150,150,150,150,150,150,150,150,150,150,150,150,150,150,150,150,150,150,150,150,150,150,150,150,150,150,150,150,150,150,150,150,150,150,150,150,150,150,150,150,150,150,150,150,150,150,150,150,150,150,150,150,150,150,2146,2146,2146,2146,2146,2146,2146,2146,2146,2146,2146,2146,2146,2146,2146,2146,2146,2146,2146,2146,2146,2146,2146,2146,2146,2146,2146,2146,2146,2146,2146,2146,2146,2146,2146,2146,2146,2146,2146,2146,2146,2146,2146,2146,2146,2146,2146,2146
551,551,551,551,551,551,551,551,551,551,551,551,551,551,551,551,551,551,551,551,551,551,551,551,551,551,551,551,551,551,551,551,551,551,551,551,551,551,551,551,551,551,551,551,551,551,551,551,551,551,551,551,551,551,551,551,551,551,551,551,551,551,551,551,551,551,2247,2247,2247,2247,2247,2247,2247,2247,2247,2247,2247,2247,2247,2247,2247,2247,2247,2247,2247,2247,2247,2247,2247,2247,2247,2247,2247,2247,2247,2247,2247,2247,2247,2247,2247,2247,2247,2247,2247,2247,2247,2247,2247,2247,2247,2247,2247,2247
141,141,141,141,141,141,141,141,141,141,141,141,141,141,141,141,141,141,141,141,141,141,141,141,141,141,141,141,141,141,141,141,141,141,141,141,141,141,141,141,141,141,141,141,141,141,141,141,141,141,141,141,141,141,141,141,141,141,141,141,141,141,141,141,141,141,2206,2206,2206,2206,2206,2206,2206,2206,2206,2206,2206,2206,2206,2206,2206,2206,2206,2206,2206,2206,2206,2206,2206,2206,2206,2206,2206,2206,2206,2206,2206,2206,2206,2206,2206,2206,2206,2206,2206,2206,2206,2206,2206,2206,2206,2206,2206,2206
290,290,290,290,290,290,290,290,290,290,290,290,290,290,290,290,290,290,290,290,290,290,290,290,290,290,290,290,290,290,290,290,290,290,290,290,290,290,290,290,290,290,290,290,290,290,290,290,290,290,290,290,290,290,290,290,290,290,290,290,290,290,290,290,290,290,2649,2649,2649,2649,2649,2649,2649,2649,2649,2649,2649,2649,2649,2649,2649,2649,2649,2649,2649,2649,2649,2649,2649,2649,2649,2649,2649,2649,2649,2649,2649,2649,2649,2649,2649,2649,2649,2649,2649,2649,2649,2649,2649,2649,2649,2649,2649,2649
785,785,785,785,785,785,785,785,785,785,785,785,785,785,785,785,785,785,785,785,785,785,785,785,785,785,785,785,785,785,785,785,785,785,785,785,785,785,785,785,785,785,785,785,785,785,785,785,785,785,785,785,785,785,785,785,785,785,785,785,785,785,785,785,785,785,2366,2366,2366,2366,2366,2366,2366,2366,2366,2366,2366,2366,2366,2366,2366,2366,2366,2366,2366,2366,2366,2366,2366,2366,2366,2366,2366,2366,2366,2366,2366,2366,2366,2366,2366,2366,2366,2366,2366,2366,2366,2366,2366,2366,2366,2366,2366,2366
820,820,820,820,820,820,820,820,820,820,820,820,820,820,820,820,820,820,820,820,820,820,820,820,820,820,820,820,820,820,820,820,820,820,820,820,820,820,820,820,820,820,820,820,820,820,820,820,820,820,820,820,820,820,820,820,820,820,820,820,820,820,820,820,820,820,2104,2104,2104,2104,2104,2104,2104,2104,2104,2104,2104,2104,2104,2104,2104,2104,2104,2104,2104,2104,2104,2104,2104,2104,2104,2104,2104,2104,2104,2104,2104,2104,2104,2104,2104,2104,2104,2104,2104,2104,2104,2104,2104,2104,2104,2104,2104,2104
784,784,784,784,784,784,784,784,784,784,784,784,784,784,784,784,784,784,784,784,784,784,784,784,784,784,784,784,784,784,784,784,784,784,784,784,784,784,784,784,784,784,784,784,784,784,784,784,784,784,784,784,784,784,784,784,784,784,784,784,784,784,784,784,784,784,2037,2037,2037,2037,2037,2037,2037,2037,2037,2037,2037,2037,2037,2037,2037,2037,2037,2037,2037,2037,2037,2037,2037,2037,2037,2037,2037,2037,2037,2037,2037,2037,2037,2037,2037,2037,2037,2037,2037,2037,2037,2037,2037,2037,2037,2037,2037,2037
367,367,367,367,367,367,367,367,367,367,367,367,367,367,367,367,367,367,367,367,367,367,367,367,367,367,367,367,367,367,367,367,367,367,367,367,367,367,367,367,367,367,367,367,367,367,367,367,367,367,367,367,367,367,367,367,367,367,367,367,367,367,367,367,367,367,1911,1911,1911,1911,1911,1911,1911,1911,1911,1911,1911,1911,1911,1911,1911,1911,1911,1911,1911,1911,1911,1911,1911,1911,1911,1911,1911,1911,1911,1911,1911,1911,1911,1911,1911,1911,1911,1911,1911,1911,1911,1911,1911,1911,1911,1911,1911,1911
1224,1224,1224,1224,1224,1224,1224,1224,1224,1224,1224,1224,1224,1224,1224,1224,1224,1224,1224,1224,1224,1224,1224,1224,1224,1224,1224,1224,1224,1224,1224,1224,1224,1224,1224,1224,1224,1224,1224,1224,1224,1224,1224,1224,1224,1224,1224,1224,1224,1224,1224,1224,1224,1224,1224,1224,1224,1224,1224,1224,1224,1224,1224,1224,1224,1224,2304,2304,2304,2304,2304,2304,2304,2304,2304,2304,2304,2304,2304,2304,2304,2304,2304,2304,2304,2304,2304,2304,2304,2304,2304,2304,2304,2304,2304,2304,2304,2304,2304,2304,2304,2304,2304,2304,2304,2304,2304,2304,2304,2304,2304,2304,2304,2304
1183,1183,1183,1183,1183,1183,1183,1183,1183,1183,1183,1183,1183,1183,1183,1183,1183,1183,1183,1183,1183,1183,1183,1183,1183,1183,1183,1183,1183,1183,1183,1183,1183,1183,1183,1183,1183,1183,1183,1183,1183,1183,1183,1183,1183,1183,1183,1183,1183,1183,1183,1183,1183,1183,1183,1183,1183,1183,1183,1183,1183,1183,1183,1183,1183,1183,1918,1918,1918,1918,1918,1918,1918,1918,1918,1918,1918,1918,1918,1918,1918,1918,1918,1918,1918,1918,1918,1918,1918,1918,1918,1918,1918,1918,1918,1918,1918,1918,1918,1918,1918,1918,1918,1918,1918,1918,1918,1918,1918,1918,1918,1918,1918,1918
200,200,200,200,200,200,200,200,200,200,200,200,200,200,200,200,200,200,200,200,200,200,200,200,200,200,200,200,200,200,200,200,200,200,200,200,200,200,200,200,200,200,200,200,200,200,200,200,200,200,200,200,200,200,200,200,200,200,200,200,200,200,200,200,200,200,2072,2072,2072,2072,2072,2072,2072,2072,2072,2072,2072,2072,2072,2072,2072,2072,2072,2072,2072,2072,2072,2072,2072,2072,2072,2072,2072,2072,2072,2072,2072,2072,2072,2072,2072,2072,2072,2072,2072,2072,2072,2072,2072,2072,2072,2072,2072,2072
11706,11706,11706,11706,11706,11706,11706,11706,11706,11706,11706,11706,11706,11706,11706,11706,11706,11706,11706,11706,11706,11706,11706,11706,11706,11706,11706,11706,11706,11706,11706,11706,11706,11706,11706,11706,11706,11706,11706,11706,11706,11706,11706,11706,11706,11706,11706,11706,11706,11706,11706,11706,11706,11706,11706,11706,11706,11706,11706,11706,11706,11706,11706,11706,11706,11706,2462,2462,2462,2462,2462,2462,2462,2462,2462,2462,2462,2462,2462,2462,2462,2462,2462,2462,2462,2462,2462,2462,2462,2462,2462,2462,2462,2462,2462,2462,2462,2462,2462,2462,2462,2462,2462,2462,2462,2462,2462,2462,2462,2462,2462,2462,2462,2462
321,321,321,321,321,321,321,321,321,321,321,321,321,321,321,321,321,321,321,321,321,321,321,321,321,321,321,321,321,321,321,321,321,321,321,321,321,321,321,321,321,321,321,321,321,321,321,321,321,321,321,321,321,321,321,321,321,321,321,321,321,321,321,321,321,321,2150,2150,2150,2150,2150,2150,2150,2150,2150,2150,2150,2150,2150,2150,2150,2150,2150,2150,2150,2150,2150,2150,2150,2150,2150,2150,2150,2150,2150,2150,2150,2150,2150,2150,2150,2150,2150,2150,2150,2150,2150,2150,2150,2150,2150,2150,2150,2150
582,582,582,582,582,582,582,582,582,582,582,582,582,582,582,582,582,582,582,582,582,582,582,582,582,582,582,582,582,582,582,582,582,582,582,582,582,582,582,582,582,582,582,582,582,582,582,582,582,582,582,582,582,582,582,582,582,582,582,582,582,582,582,582,582,582,1735,1735,1735,1735,1735,1735,1735,1735,1735,1735,1735,1735,1735,1735,1735,1735,1735,1735,1735,1735,1735,1735,1735,1735,1735,1735,1735,1735,1735,1735,1735,1735,1735,1735,1735,1735,1735,1735,1735,1735,1735,1735,1735,1735,1735,1735,1735,1735
812,812,812,812,812,812,812,812,812,812,812,812,812,812,812,812,812,812,812,812,812,812,812,812,812,812,812,812,812,812,812,812,812,812,812,812,812,812,812,812,812,812,812,812,812,812,812,812,812,812,812,812,812,812,812,812,812,812,812,812,812,812,812,812,812,812,1301,1301,1301,1301,1301,1301,1301,1301,1301,1301,1301,1301,1301,1301,1301,1301,1301,1301,1301,1301,1301,1301,1301,1301,1301,1301,1301,1301,1301,1301,1301,1301,1301,1301,1301,1301,1301,1301,1301,1301,1301,1301,1301,1301,1301,1301,1301,1301
240,240,240,240,240,240,240,240,240,240,240,240,240,240,240,240,240,240,240,240,240,240,240,240,240,240,240,240,240,240,240,240,240,240,240,240,240,240,240,240,240,240,240,240,240,240,240,240,240,240,240,240,240,240,240,240,240,240,240,240,240,240,240,240,240,240,1856,1856,1856,1856,1856,1856,1856,1856,1856,1856,1856,1856,1856,1856,1856,1856,1856,1856,1856,1856,1856,1856,1856,1856,1856,1856,1856,1856,1856,1856,1856,1856,1856,1856,1856,1856,1856,1856,1856,1856,1856,1856,1856,1856,1856,1856,1856,1856
142,142,142,142,142,142,142,142,142,142,142,142,142,142,142,142,142,142,142,142,142,142,142,142,142,142,142,142,142,142,142,142,142,142,142,142,142,142,142,142,142,142,142,142,142,142,142,142,142,142,142,142,142,142,142,142,142,142,142,142,142,142,142,142,142,142,2179,2179,2179,2179,2179,2179,2179,2179,2179,2179,2179,2179,2179,2179,2179,2179,2179,2179,2179,2179,2179,2179,2179,2179,2179,2179,2179,2179,2179,2179,2179,2179,2179,2179,2179,2179,2179,2179,2179,2179,2179,2179,2179,2179,2179,2179,2179,2179
197,197,197,197,197,197,197,197,197,197,197,197,197,197,197,197,197,197,197,197,197,197,197,197,197,197,197,197,197,197,197,197,197,197,197,197,197,197,197,197,197,197,197,197,197,197,197,197,197,197,197,197,197,197,197,197,197,197,197,197,197,197,197,197,197,197,2039,2039,2039,2039,2039,2039,2039,2039,2039,2039,2039,2039,2039,2039,2039,2039,2039,2039,2039,2039,2039,2039,2039,2039,2039,2039,2039,2039,2039,2039,2039,2039,2039,2039,2039,2039,2039,2039,2039,2039,2039,2039,2039,2039,2039,2039,2039,2039
73,73,73,73,73,73,73,73,73,73,73,73,73,73,73,73,73,73,73,73,73,73,73,73,73,73,73,73,73,73,73,73,73,73,73,73,73,73,73,73,73,73,73,73,73,73,73,73,73,73,73,73,73,73,73,73,73,73,73,73,73,73,73,73,73,73,2266,2266,2266,2266,2266,2266,2266,2266,2266,2266,2266,2266,2266,2266,2266,2266,2266,2266,2266,2266,2266,2266,2266,2266,2266,2266,2266,2266,2266,2266,2266,2266,2266,2266,2266,2266,2266,2266,2266,2266,2266,2266,2266,2266,2266,2266,2266,2266
315,315,315,315,315,315,315,315,315,315,315,315,315,315,315,315,315,315,315,315,315,315,315,315,315,315,315,315,315,315,315,315,315,315,315,315,315,315,315,315,315,315,315,315,315,315,315,315,315,315,315,315,315,315,315,315,315,315,315,315,315,315,315,315,315,315,2182,2182,2182,2182,2182,2182,2182,2182,2182,2182,2182,2182,2182,2182,2182,2182,2182,2182,2182,2182,2182,2182,2182,2182,2182,2182,2182,2182,2182,2182,2182,2182,2182,2182,2182,2182,2182,2182,2182,2182,2182,2182,2182,2182,2182,2182,2182,2182
2088,2088,2088,2088,2088,2088,2088,2088,2088,2088,2088,2088,2088,2088,2088,2088,2088,2088,2088,2088,2088,2088,2088,2088,2088,2088,2088,2088,2088,2088,2088,2088,2088,2088,2088,2088,2088,2088,2088,2088,2088,2088,2088,2088,2088,2088,2088,2088,2088,2088,2088,2088,2088,2088,2088,2088,2088,2088,2088,2088,2088,2088,2088,2088,2088,2088,3725,3725,3725,3725,3725,3725,3725,3725,3725,3725,3725,3725,3725,3725,3725,3725,3725,3725,3725,3725,3725,3725,3725,3725,3725,3725,3725,3725,3725,3725,3725,3725,3725,3725,3725,3725,3725,3725,3725,3725,3725,3725,3725,3725,3725,3725,3725,3725
362,362,362,362,362,362,362,362,362,362,362,362,362,362,362,362,362,362,362,362,362,362,362,362,362,362,362,362,362,362,362,362,362,362,362,362,362,362,362,362,362,362,362,362,362,362,362,362,362,362,362,362,362,362,362,362,362,362,362,362,362,362,362,362,362,362,1740,1740,1740,1740,1740,1740,1740,1740,1740,1740,1740,1740,1740,1740,1740,1740,1740,1740,1740,1740,1740,1740,1740,1740,1740,1740,1740,1740,1740,1740,1740,1740,1740,1740,1740,1740,1740,1740,1740,1740,1740,1740,1740,1740,1740,1740,1740,1740
344,344,344,344,344,344,344,344,344,344,344,344,344,344,344,344,344,344,344,344,344,344,344,344,344,344,344,344,344,344,344,344,344,344,344,344,344,344,344,344,344,344,344,344,344,344,344,344,344,344,344,344,344,344,344,344,344,344,344,344,344,344,344,344,344,344,1466,1466,1466,1466,1466,1466,1466,1466,1466,1466,1466,1466,1466,1466,1466,1466,1466,1466,1466,1466,1466,1466,1466,1466,1466,1466,1466,1466,1466,1466,1466,1466,1466,1466,1466,1466,1466,1466,1466,1466,1466,1466,1466,1466,1466,1466,1466,1466
1360,1360,1360,1360,1360,1360,1360,1360,1360,1360,1360,1360,1360,1360,1360,1360,1360,1360,1360,1360,1360,1360,1360,1360,1360,1360,1360,1360,1360,1360,1360,1360,1360,1360,1360,1360,1360,1360,1360,1360,1360,1360,1360,1360,1360,1360,1360,1360,1360,1360,1360,1360,1360,1360,1360,1360,1360,1360,1360,1360,1360,1360,1360,1360,1360,1360,1345,1345,1345,1345,1345,1345,1345,1345,1345,1345,1345,1345,1345,1345,1345,1345,1345,1345,1345,1345,1345,1345,1345,1345,1345,1345,1345,1345,1345,1345,1345,1345,1345,1345,1345,1345,1345,1345,1345,1345,1345,1345,1345,1345,1345,1345,1345,1345
215,215,215,215,215,215,215,215,215,215,215,215,215,215,215,215,215,215,215,215,215,215,215,215,215,215,215,215,215,215,215,215,215,215,215,215,215,215,215,215,215,215,215,215,215,215,215,215,215,215,215,215,215,215,215,215,215,215,215,215,215,215,215,215,215,215,1702,1702,1702,1702,1702,1702,1702,1702,1702,1702,1702,1702,1702,1702,1702,1702,1702,1702,1702,1702,1702,1702,1702,1702,1702,1702,1702,1702,1702,1702,1702,1702,1702,1702,1702,1702,1702,1702,1702,1702,1702,1702,1702,1702,1702,1702,1702,1702
330,330,330,330,330,330,330,330,330,330,330,330,330,330,330,330,330,330,330,330,330,330,330,330,330,330,330,330,330,330,330,330,330,330,330,330,330,330,330,330,330,330,330,330,330,330,330,330,330,330,330,330,330,330,330,330,330,330,330,330,330,330,330,330,330,330,1918,1918,1918,1918,1918,1918,1918,1918,1918,1918,1918,1918,1918,1918,1918,1918,1918,1918,1918,1918,1918,1918,1918,1918,1918,1918,1918,1918,1918,1918,1918,1918,1918,1918,1918,1918,1918,1918,1918,1918,1918,1918,1918,1918,1918,1918,1918,1918
406,406,406,406,406,406,406,406,406,406,406,406,406,406,406,406,406,406,406,406,406,406,406,406,406,406,406,406,406,406,406,406,406,406,406,406,406,406,406,406,406,406,406,406,406,406,406,406,406,406,406,406,406,406,406,406,406,406,406,406,406,406,406,406,406,406,1827,1827,1827,1827,1827,1827,1827,1827,1827,1827,1827,1827,1827,1827,1827,1827,1827,1827,1827,1827,1827,1827,1827,1827,1827,1827,1827,1827,1827,1827,1827,1827,1827,1827,1827,1827,1827,1827,1827,1827,1827,1827,1827,1827,1827,1827,1827,1827
158,158,158,158,158,158,158,158,158,158,158,158,158,158,158,158,158,158,158,158,158,158,158,158,158,158,158,158,158,158,158,158,158,158,158,158,158,158,158,158,158,158,158,158,158,158,158,158,158,158,158,158,158,158,158,158,158,158,158,158,158,158,158,158,158,158,2830,2830,2830,2830,2830,2830,2830,2830,2830,2830,2830,2830,2830,2830,2830,2830,2830,2830,2830,2830,2830,2830,2830,2830,2830,2830,2830,2830,2830,2830,2830,2830,2830,2830,2830,2830,2830,2830,2830,2830,2830,2830,2830,2830,2830,2830,2830,2830
98,98,98,98,98,98,98,98,98,98,98,98,98,98,98,98,98,98,98,98,98,98,98,98,98,98,98,98,98,98,98,98,98,98,98,98,98,98,98,98,98,98,98,98,98,98,98,98,98,98,98,98,98,98,98,98,98,98,98,98,98,98,98,98,98,98,1925,1925,1925,1925,1925,1925,1925,1925,1925,1925,1925,1925,1925,1925,1925,1925,1925,1925,1925,1925,1925,1925,1925,1925,1925,1925,1925,1925,1925,1925,1925,1925,1925,1925,1925,1925,1925,1925,1925,1925,1925,1925,1925,1925,1925,1925,1925,1925
636,636,636,636,636,636,636,636,636,636,636,636,636,636,636,636,636,636,636,636,636,636,636,636,636,636,636,636,636,636,636,636,636,636,636,636,636,636,636,636,636,636,636,636,636,636,636,636,636,636,636,636,636,636,636,636,636,636,636,636,636,636,636,636,636,636,1423,1423,1423,1423,1423,1423,1423,1423,1423,1423,1423,1423,1423,1423,1423,1423,1423,1423,1423,1423,1423,1423,1423,1423,1423,1423,1423,1423,1423,1423,1423,1423,1423,1423,1423,1423,1423,1423,1423,1423,1423,1423,1423,1423,1423,1423,1423,1423
435,435,435,435,435,435,435,435,435,435,435,435,435,435,435,435,435,435,435,435,435,435,435,435,435,435,435,435,435,435,435,435,435,435,435,435,435,435,435,435,435,435,435,435,435,435,435,435,435,435,435,435,435,435,435,435,435,435,435,435,435,435,435,435,435,435,1446,1446,1446,1446,1446,1446,1446,1446,1446,1446,1446,1446,1446,1446,1446,1446,1446,1446,1446,1446,1446,1446,1446,1446,1446,1446,1446,1446,1446,1446,1446,1446,1446,1446,1446,1446,1446,1446,1446,1446,1446,1446,1446,1446,1446,1446,1446,1446
165,165,165,165,165,165,165,165,165,165,165,165,165,165,165,165,165,165,165,165,165,165,165,165,165,165,165,165,165,165,165,165,165,165,165,165,165,165,165,165,165,165,165,165,165,165,165,165,165,165,165,165,165,165,165,165,165,165,165,165,165,165,165,165,165,165,2084,2084,2084,2084,2084,2084,2084,2084,2084,2084,2084,2084,2084,2084,2084,2084,2084,2084,2084,2084,2084,2084,2084,2084,2084,2084,2084,2084,2084,2084,2084,2084,2084,2084,2084,2084,2084,2084,2084,2084,2084,2084,2084,2084,2084,2084,2084,2084
1688,1688,1688,1688,1688,1688,1688,1688,1688,1688,1688,1688,1688,1688,1688,1688,1688,1688,1688,1688,1688,1688,1688,1688,1688,1688,1688,1688,1688,1688,1688,1688,1688,1688,1688,1688,1688,1688,1688,1688,1688,1688,1688,1688,1688,1688,1688,1688,1688,1688,1688,1688,1688,1688,1688,1688,1688,1688,1688,1688,1688,1688,1688,1688,1688,1688,1761,1761,1761,1761,1761,1761,1761,1761,1761,1761,1761,1761,1761,1761,1761,1761,1761,1761,1761,1761,1761,1761,1761,1761,1761,1761,1761,1761,1761,1761,1761,1761,1761,1761,1761,1761,1761,1761,1761,1761,1761,1761,1761,1761,1761,1761,1761,1761
1725,1725,1725,1725,1725,1725,1725,1725,1725,1725,1725,1725,1725,1725,1725,1725,1725,1725,1725,1725,1725,1725,1725,1725,1725,1725,1725,1725,1725,1725,1725,1725,1725,1725,1725,1725,1725,1725,1725,1725,1725,1725,1725,1725,1725,1725,1725,1725,1725,1725,1725,1725,1725,1725,1725,1725,1725,1725,1725,1725,1725,1725,1725,1725,1725,1725,1844,1844,1844,1844,1844,1844,1844,1844,1844,1844,1844,1844,1844,1844,1844,1844,1844,1844,1844,1844,1844,1844,1844,1844,1844,1844,1844,1844,1844,1844,1844,1844,1844,1844,1844,1844,1844,1844,1844,1844,1844,1844,1844,1844,1844,1844,1844,1844
1137,1137,1137,1137,1137,1137,1137,1137,1137,1137,1137,1137,1137,1137,1137,1137,1137,1137,1137,1137,1137,1137,1137,1137,1137,1137,1137,1137,1137,1137,1137,1137,1137,1137,1137,1137,1137,1137,1137,1137,1137,1137,1137,1137,1137,1137,1137,1137,1137,1137,1137,1137,1137,1137,1137,1137,1137,1137,1137,1137,1137,1137,1137,1137,1137,1137,1570,1570,1570,1570,1570,1570,1570,1570,1570,1570,1570,1570,1570,1570,1570,1570,1570,1570,1570,1570,1570,1570,1570,1570,1570,1570,1570,1570,1570,1570,1570,1570,1570,1570,1570,1570,1570,1570,1570,1570,1570,1570,1570,1570,1570,1570,1570,1570
265,265,265,265,265,265,265,265,265,265,265,265,265,265,265,265,265,265,265,265,265,265,265,265,265,265,265,265,265,265,265,265,265,265,265,265,265,265,265,265,265,265,265,265,265,265,265,265,265,265,265,265,265,265,265,265,265,265,265,265,265,265,265,265,265,265,1652,1652,1652,1652,1652,1652,1652,1652,1652,1652,1652,1652,1652,1652,1652,1652,1652,1652,1652,1652,1652,1652,1652,1652,1652,1652,1652,1652,1652,1652,1652,1652,1652,1652,1652,1652,1652,1652,1652,1652,1652,1652,1652,1652,1652,1652,1652,1652
279,279,279,279,279,279,279,279,279,279,279,279,279,279,279,279,279,279,279,279,279,279,279,279,279,279,279,279,279,279,279,279,279,279,279,279,279,279,279,279,279,279,279,279,279,279,279,279,279,279,279,279,279,279,279,279,279,279,279,279,279,279,279,279,279,279,2156,2156,2156,2156,2156,2156,2156,2156,2156,2156,2156,2156,2156,2156,2156,2156,2156,2156,2156,2156,2156,2156,2156,2156,2156,2156,2156,2156,2156,2156,2156,2156,2156,2156,2156,2156,2156,2156,2156,2156,2156,2156,2156,2156,2156,2156,2156,2156
237,237,237,237,237,237,237,237,237,237,237,237,237,237,237,237,237,237,237,237,237,237,237,237,237,237,237,237,237,237,237,237,237,237,237,237,237,237,237,237,237,237,237,237,237,237,237,237,237,237,237,237,237,237,237,237,237,237,237,237,237,237,237,237,237,237,1882,1882,1882,1882,1882,1882,1882,1882,1882,1882,1882,1882,1882,1882,1882,1882,1882,1882,1882,1882,1882,1882,1882,1882,1882,1882,1882,1882,1882,1882,1882,1882,1882,1882,1882,1882,1882,1882,1882,1882,1882,1882,1882,1882,1882,1882,1882,1882
712,712,712,712,712,712,712,712,712,712,712,712,712,712,712,712,712,712,712,712,712,712,712,712,712,712,712,712,712,712,712,712,712,712,712,712,712,712,712,712,712,712,712,712,712,712,712,712,712,712,712,712,712,712,712,712,712,712,712,712,712,712,712,712,712,712,1579,1579,1579,1579,1579,1579,1579,1579,1579,1579,1579,1579,1579,1579,1579,1579,1579,1579,1579,1579,1579,1579,1579,1579,1579,1579,1579,1579,1579,1579,1579,1579,1579,1579,1579,1579,1579,1579,1579,1579,1579,1579,1579,1579,1579,1579,1579,1579
1184,1184,1184,1184,1184,1184,1184,1184,1184,1184,1184,1184,1184,1184,1184,1184,1184,1184,1184,1184,1184,1184,1184,1184,1184,1184,1184,1184,1184,1184,1184,1184,1184,1184,1184,1184,1184,1184,1184,1184,1184,1184,1184,1184,1184,1184,1184,1184,1184,1184,1184,1184,1184,1184,1184,1184,1184,1184,1184,1184,1184,1184,1184,1184,1184,1184,1636,1636,1636,1636,1636,1636,1636,1636,1636,1636,1636,1636,1636,1636,1636,1636,1636,1636,1636,1636,1636,1636,1636,1636,1636,1636,1636,1636,1636,1636,1636,1636,1636,1636,1636,1636,1636,1636,1636,1636,1636,1636,1636,1636,1636,1636,1636,1636
190,190,190,190,190,190,190,190,190,190,190,190,190,190,190,190,190,190,190,190,190,190,190,190,190,190,190,190,190,190,190,190,190,190,190,190,190,190,190,190,190,190,190,190,190,190,190,190,190,190,190,190,190,190,190,190,190,190,190,190,190,190,190,190,190,190,2053,2053,2053,2053,2053,2053,2053,2053,2053,2053,2053,2053,2053,2053,2053,2053,2053,2053,2053,2053,2053,2053,2053,2053,2053,2053,2053,2053,2053,2053,2053,2053,2053,2053,2053,2053,2053,2053,2053,2053,2053,2053,2053,2053,2053,2053,2053,2053
1975,1975,1975,1975,1975,1975,1975,1975,1975,1975,1975,1975,1975,1975,1975,1975,1975,1975,1975,1975,1975,1975,1975,1975,1975,1975,1975,1975,1975,1975,1975,1975,1975,1975,1975,1975,1975,1975,1975,1975,1975,1975,1975,1975,1975,1975,1975,1975,1975,1975,1975,1975,1975,1975,1975,1975,1975,1975,1975,1975,1975,1975,1975,1975,1975,1975,1456,1456,1456,1456,1456,1456,1456,1456,1456,1456,1456,1456,1456,1456,1456,1456,1456,1456,1456,1456,1456,1456,1456,1456,1456,1456,1456,1456,1456,1456,1456,1456,1456,1456,1456,1456,1456,1456,1456,1456,1456,1456,1456,1456,1456,1456,1456,1456
1188,1188,1188,1188,1188,1188,1188,1188,1188,1188,1188,1188,1188,1188,1188,1188,1188,1188,1188,1188,1188,1188,1188,1188,1188,1188,1188,1188,1188,1188,1188,1188,1188,1188,1188,1188,1188,1188,1188,1188,1188,1188,1188,1188,1188,1188,1188,1188,1188,1188,1188,1188,1188,1188,1188,1188,1188,1188,1188,1188,1188,1188,1188,1188,1188,1188,1510,1510,1510,1510,1510,1510,1510,1510,1510,1510,1510,1510,1510,1510,1510,1510,1510,1510,1510,1510,1510,1510,1510,1510,1510,1510,1510,1510,1510,1510,1510,1510,1510,1510,1510,1510,1510,1510,1510,1510,1510,1510,1510,1510,1510,1510,1510,1510
322,322,322,322,322,322,322,322,322,322,322,322,322,322,322,322,322,322,322,322,322,322,322,322,322,322,322,322,322,322,322,322,322,322,322,322,322,322,322,322,322,322,322,322,322,322,322,322,322,322,322,322,322,322,322,322,322,322,322,322,322,322,322,322,322,322,1921,1921,1921,1921,1921,1921,1921,1921,1921,1921,1921,1921,1921,1921,1921,1921,1921,1921,1921,1921,1921,1921,1921,1921,1921,1921,1921,1921,1921,1921,1921,1921,1921,1921,1921,1921,1921,1921,1921,1921,1921,1921,1921,1921,1921,1921,1921,1921
2429,2429,2429,2429,2429,2429,2429,2429,2429,2429,2429,2429,2429,2429,2429,2429,2429,2429,2429,2429,2429,2429,2429,2429,2429,2429,2429,2429,2429,2429,2429,2429,2429,2429,2429,2429,2429,2429,2429,2429,2429,2429,2429,2429,2429,2429,2429,2429,2429,2429,2429,2429,2429,2429,2429,2429,2429,2429,2429,2429,2429,2429,2429,2429,2429,2429,2414,2414,2414,2414,2414,2414,2414,2414,2414,2414,2414,2414,2414,2414,2414,2414,2414,2414,2414,2414,2414,2414,2414,2414,2414,2414,2414,2414,2414,2414,2414,2414,2414,2414,2414,2414,2414,2414,2414,2414,2414,2414,2414,2414,2414,2414,2414,2414
