,model_name,moyenne,ELBO,Reconstruction_error,RMSE_SIGMA,RMSE_B,RMSE_PI,RMSE_B0,TIME,NBITER
0,Enhanced Analytic,0.0,17222723.640847042,0.43054051493153656,0.9521520885330893,0.4896141891111551,0.18052778022393723,30.67129014732744,36.77360534667969,1294
0,Enhanced Analytic,0.0,17213724.109032467,0.42942098552660113,0.9523054848482527,0.4723389558710297,0.1724026621092189,21.83675360225152,47.7608585357666,1136
0,Enhanced Analytic,0.0,17205393.809074257,0.4346775777115731,0.9523414791615857,0.5016489386296795,0.18139240410423926,34.310056503638776,49.88714838027954,1328
0,Enhanced Analytic,0.0,17150821.39342576,0.4345291429582004,1.2202353545401865,0.509683165252622,0.18718925567461767,15.5912782224182,40.11543846130371,1008
0,Enhanced Analytic,0.0,17103914.661178473,0.4326965200188846,0.9523913319642487,0.5419418957554155,0.1872341522029069,3.1306062077207013,47.512885332107544,1237
0,Enhanced Analytic,0.0,17549169.883340046,0.4325165485004388,0.952277417307239,0.46897204100862905,0.18365855579615595,15.579187431666373,47.91534447669983,1243
0,Enhanced Analytic,0.0,17472869.92461903,0.4316711863639678,0.9524176025477953,0.46893682983485474,0.1768358023067697,21.760183934509655,49.135520696640015,1327
0,Enhanced Analytic,0.0,16947399.439744763,0.42842617824455304,0.952096035687002,0.506482008924359,0.1814489367580847,43.27912518394741,53.160277128219604,1313
0,Enhanced Analytic,0.0,17453858.633867256,0.43637192457362456,0.9522101523140771,0.48271579767599904,0.18559972045327722,40.52194208820355,41.93322944641113,1176
0,Enhanced Analytic,0.0,17257306.824887667,0.4299148588175304,0.9522613826579672,0.501566712370335,0.17574317921597718,30.65795315214742,38.557310819625854,1147
0,Enhanced Analytic,0.0,17236402.83707056,0.43049335266829475,0.9524891877387718,0.5139278402039104,0.17867838153785312,15.629766716973872,52.785961866378784,1443
0,Enhanced Analytic,0.0,17345321.40602665,0.4296860626196818,0.95221987798939,0.5076010655531266,0.18961696707008222,21.91229706391467,52.93239998817444,1522
0,Enhanced Analytic,0.0,17464022.69325133,0.4330627208241814,0.9529898540197045,0.4789504872114159,0.18119240812193282,21.792073959636742,47.50129318237305,1131
0,Enhanced Analytic,0.0,17569162.876044884,0.4351381867153585,0.9522759843846185,0.4787735989367654,0.17494927941323815,15.541609643481447,42.523428440093994,1145
0,Enhanced Analytic,0.0,17175102.354323115,0.42463170563268415,0.9522761344983934,0.5334038265673207,0.1845940251760548,21.80172485937114,42.46186566352844,1158
0,Enhanced Analytic,0.5,21271398.908250615,0.4500706016850283,0.9523319378528998,0.47412165095092174,0.16072214132821752,2.196801260863688,33.52729392051697,956
0,Enhanced Analytic,0.5,21410154.203314554,0.4545656648788773,0.9526060886704825,0.46551500767993903,0.1547154611641377,21.701815913529863,50.578532695770264,1272
0,Enhanced Analytic,0.5,21324946.37967996,0.455774121610528,0.9524688975961376,0.45625932292817023,0.15232229802576563,15.3674194041227,53.7374222278595,1485
0,Enhanced Analytic,0.5,21347140.07952371,0.4585145750623348,1.0876770491746905,0.466482721405774,0.16336752327817447,15.495073486096967,41.987016439437866,1129
0,Enhanced Analytic,0.5,21192906.31752981,0.4521795857605022,0.9525334575301608,0.49234888034368707,0.16457543738821234,21.695819497295442,39.17642545700073,1008
0,Enhanced Analytic,0.5,21689009.943628777,0.45538513374297124,0.9525714838292261,0.42274497531377786,0.15535879344705533,15.384720355342587,43.237420082092285,1148
0,Enhanced Analytic,0.5,21600429.692036808,0.45683277345131973,0.9525766090746919,0.4280024933119845,0.15690338424123737,1.9350853883966708,34.74434161186218,915
0,Enhanced Analytic,0.5,21117862.877118446,0.456774173541935,0.9522843865339211,0.4602711592347187,0.1643800092167384,30.620539478755916,43.86749005317688,1226
0,Enhanced Analytic,0.5,21536609.993882492,0.4566862884240056,0.95239019723739,0.45241107714207784,0.16060357148013782,26.539134458221493,37.21869206428528,967
0,Enhanced Analytic,0.5,21373370.31569872,0.4515335135827058,0.9523329357445499,0.4407842396057456,0.15346823546954297,15.399546314654524,39.51673626899719,1051
0,Enhanced Analytic,0.5,21446151.78752716,0.45580303509731496,0.9525286467509003,0.4388918120787511,0.1512365665093819,15.432648686260189,36.11387324333191,980
0,Enhanced Analytic,0.5,21443377.856022984,0.4531006114502053,0.9524506574571037,0.476800339502423,0.16883326543430138,21.700469835230543,44.398035526275635,1178
0,Enhanced Analytic,0.5,21592450.940859303,0.4596155396627975,0.9539104860849185,0.4380888692687585,0.1601813568679984,2.3485611440552616,40.387473344802856,1049
0,Enhanced Analytic,0.5,21649582.96926905,0.45791076444767875,0.9524812199276452,0.43938004412571224,0.14999019146789333,21.71667609151251,39.35769438743591,1050
0,Enhanced Analytic,0.5,21307980.31299216,0.4497793003722425,0.9525192111287157,0.48388763607176244,0.15837655710303256,15.44232422245655,35.88548970222473,994
0,Enhanced Analytic,1.0,25817054.007833112,0.47354349006964785,0.952633674653905,0.39401646562615905,0.1327891388038967,15.432413513859764,34.113232135772705,858
0,Enhanced Analytic,1.0,25981630.773258615,0.48000888995759616,0.9526222754271519,0.37390926423425,0.1269500009970551,1.679447785671855,27.090927362442017,741
0,Enhanced Analytic,1.0,25923119.83880896,0.47885170421520995,0.9526814315654211,0.37765345897505964,0.12564444678774667,15.393227223491149,33.821053981781006,846
0,Enhanced Analytic,1.0,25928105.969603587,0.47885114907648313,0.952661727868364,0.4088370865253549,0.1398224359691582,15.513610215823828,23.70712947845459,767
0,Enhanced Analytic,1.0,25738178.140682872,0.47470716322387013,0.9526711792187292,0.4032491243565265,0.13681769037049052,15.415584944861017,19.314249753952026,623
0,Enhanced Analytic,1.0,26281883.783234015,0.47859522096524126,0.9526528663510677,0.36360221385837505,0.13368508023117673,26.496896987048856,27.256157159805298,594
0,Enhanced Analytic,1.0,26134511.834434435,0.4798067456100746,0.9528548064223727,0.3647459601656466,0.13079387705411707,15.376197147349727,33.132354497909546,925
0,Enhanced Analytic,1.0,25603779.122653387,0.47463646317585717,0.9524022405855389,0.4154984501831178,0.1376080918777994,15.35281918099705,33.6088228225708,871
0,Enhanced Analytic,1.0,26067927.919317186,0.4754477913180362,0.9524142645321729,0.38423688937124356,0.135177079395747,15.410099717359968,24.826350688934326,577
0,Enhanced Analytic,1.0,25962064.781112827,0.4758778862671361,0.9524593824649579,0.3855003835908584,0.12578986542030954,21.663921489574946,26.184679746627808,802
0,Enhanced Analytic,1.0,25902523.28834295,0.476483611042103,0.9527429586985898,0.4057991345425835,0.12683952008154167,1.4389520873469122,37.615079402923584,971
0,Enhanced Analytic,1.0,26006944.5951931,0.4719344277482406,0.9525633055433795,0.4004205931159166,0.1330340795603118,21.71781776602061,23.14189386367798,609
0,Enhanced Analytic,1.0,26155613.155538417,0.47711252837868684,0.9527508610052197,0.3633587617126288,0.12924377229154874,15.356949403129827,24.27756118774414,747
0,Enhanced Analytic,1.0,26175545.258108784,0.48073824068292337,0.9527059629655547,0.3627907947072502,0.12306418781298711,2.3950875620578977,24.60477352142334,659
0,Enhanced Analytic,1.0,25941332.43736974,0.47209339481027035,0.9526494964300966,0.39789929133389085,0.13492989211116657,15.392282851038768,37.02658772468567,1027
0,Enhanced Analytic,1.5,30467356.240586657,0.5042968843533989,0.9528393219811662,0.35469925018315634,0.12227055124892164,15.34957655953806,23.420654296875,570
0,Enhanced Analytic,1.5,30614345.67318147,0.5086888590242841,0.952957366361496,0.33428492835212453,0.11943812410848456,15.418310930527007,20.239426612854004,569
0,Enhanced Analytic,1.5,30484109.344747983,0.5119143605688506,0.9530819479096925,0.3376412937934487,0.11389407084250776,1.5140324780333583,17.81960105895996,593
0,Enhanced Analytic,1.5,30500942.08286819,0.5088873396575078,0.9532058899987584,0.3726124089862631,0.13110571417445122,15.4377322147951,22.168713808059692,559
0,Enhanced Analytic,1.5,30361271.59738048,0.5038091495494674,0.9530228853235373,0.3558683458352309,0.1234621244281677,1.4001066991998277,19.806302309036255,536
0,Enhanced Analytic,1.5,30878636.80934399,0.5105013579372466,0.9529795986794043,0.32310241443963517,0.12331231564105656,21.63903190557852,19.791587829589844,571
0,Enhanced Analytic,1.5,30791975.432807185,0.5130331948817057,0.953202742281583,0.3044376029325066,0.11927921649428971,1.6492147314770738,22.719416856765747,565
0,Enhanced Analytic,1.5,30254355.38207515,0.5107133907900351,0.9528744146771717,0.35545214939883396,0.12173254385382078,15.419670719301806,22.604833602905273,574
0,Enhanced Analytic,1.5,30736855.739982244,0.5088552561234406,0.9528309591176994,0.32387702756729536,0.11676376247380539,1.8405498409619343,19.79171657562256,549
0,Enhanced Analytic,1.5,30586123.28021788,0.5074431562559402,0.9528803984528449,0.34828126728864023,0.12010437177906641,15.364367523351968,18.68216824531555,552
0,Enhanced Analytic,1.5,30541499.92091572,0.5085261802013762,0.9531374881396224,0.3406836383467686,0.11842960032380385,1.3833567120755772,23.02024507522583,554
0,Enhanced Analytic,1.5,30590118.41095023,0.5056909106804888,0.9528554789602964,0.34707066161404654,0.12501274908941643,15.384245732588628,20.607236623764038,567
0,Enhanced Analytic,1.5,30748701.056141634,0.5086463945395892,0.9530676479604128,0.3051736864245316,0.12035046418777773,1.260743534989864,23.238404512405396,564
0,Enhanced Analytic,1.5,30777148.1323177,0.5122915559921523,0.9529960704414844,0.30758792774500093,0.11695787386286517,15.359679226336596,21.654847383499146,573
0,Enhanced Analytic,1.5,30538043.339349445,0.5014835832676213,0.9529865070690318,0.35678649034065324,0.12624417316732003,15.331872042703992,22.661288261413574,577
0,Enhanced Analytic,2.0,35049307.64629173,0.5336730169494146,0.9532093886332031,0.3210534355361436,0.11634931181219957,2.060460000220214,21.54371476173401,541
0,Enhanced Analytic,2.0,35180788.786686614,0.5398294637093417,0.9532477572391782,0.3083373409305844,0.11724301430047496,2.436998658883613,20.790023803710938,546
0,Enhanced Analytic,2.0,35061963.061984345,0.543922548834268,0.9535630334915598,0.304378249562789,0.11271961205046727,15.370237821361803,21.778637886047363,534
0,Enhanced Analytic,2.0,35031178.18008018,0.5369442383124314,0.9534237652637806,0.336929216138924,0.1299089761722137,21.734889944627575,20.420199632644653,541
0,Enhanced Analytic,2.0,34913032.38671031,0.5368764835907097,0.9534437125228777,0.32123940036885157,0.12176308430314216,2.144035375500715,22.994868516921997,535
0,Enhanced Analytic,2.0,35425483.53998819,0.54149598545507,0.9535290474708142,0.30860464452626735,0.12229375100142902,21.6650043365789,19.607386350631714,539
0,Enhanced Analytic,2.0,35313627.74435621,0.5420749580932371,0.9536332431322178,0.2844777703930564,0.1164849696566922,15.345198813879625,21.036493062973022,529
0,Enhanced Analytic,2.0,34782500.10675059,0.5385879288871991,0.9532947194701433,0.3379187124651497,0.12409883190569193,1.8049124794580758,19.737873792648315,546
0,Enhanced Analytic,2.0,35180919.493504666,0.5395072587015548,0.9531141159209015,0.3138933397958206,0.11985308491349868,1.4144020624419222,19.837891101837158,544
0,Enhanced Analytic,2.0,35184455.52107223,0.5371332346908798,0.953276134802465,0.30943211706359575,0.11846387169260038,15.368340847177594,19.946460485458374,549
0,Enhanced Analytic,2.0,35125692.651340276,0.5339144739551757,0.9534136575231644,0.3080248236851813,0.1140308350147142,21.62788126781355,21.69753384590149,543
0,Enhanced Analytic,2.0,35095928.43502076,0.534694096746919,0.9533320335032577,0.3191408726746176,0.1228561413425018,21.725553053613627,22.765104293823242,543
0,Enhanced Analytic,2.0,35286238.40605915,0.5375723787691314,0.9534430954125135,0.28944852789152425,0.12231400432621574,15.42882624184021,22.385753870010376,542
0,Enhanced Analytic,2.0,35315393.22536415,0.5416785014796917,0.9533360317341142,0.27804482894416477,0.11287756122509371,15.327227493015194,19.585899353027344,557
0,Enhanced Analytic,2.0,35113522.92082608,0.5302131237375282,0.9533195526097006,0.3327687909460699,0.11423494820782226,15.318309655200895,19.878824949264526,550
0,Enhanced Analytic,2.5,39486305.28701954,0.5486876165334008,0.9533657413824335,0.31515841143030976,0.11811638215729402,21.6562269234996,20.548216819763184,548
0,Enhanced Analytic,2.5,39676564.10243425,0.5563430013039992,0.953561688344861,0.28946224474215554,0.11241447977147036,15.419346557544669,19.037867784500122,550
0,Enhanced Analytic,2.5,39416046.29891728,0.5574961945075954,0.9537236454804329,0.29991311001149173,0.11456410657932584,26.531898441173475,19.852294921875,547
0,Enhanced Analytic,2.5,39514162.50603574,0.5551287128326567,0.9536791646801088,0.320200319390545,0.12859114487544768,21.761600756167372,20.428399085998535,534
0,Enhanced Analytic,2.5,39363914.33318412,0.5512182165989239,0.9536700440941197,0.3172055404769347,0.12336485936448133,1.9117247222497282,17.23863911628723,555
0,Enhanced Analytic,2.5,39861556.199329436,0.5551014736399906,0.9537013531376326,0.2945200477523981,0.11892950225543525,1.6365076230049869,19.634769201278687,550
0,Enhanced Analytic,2.5,39733844.37271046,0.5557413324630452,0.9538415183720014,0.2805199622928584,0.11841076894167535,15.33340189777557,19.690704345703125,548
0,Enhanced Analytic,2.5,39226622.143910326,0.5577385315094644,0.9536025946906382,0.32902536906822083,0.12650565910690162,34.18829031968551,19.445932388305664,549
0,Enhanced Analytic,2.5,39636535.088074915,0.555589589519357,0.9533745463587073,0.2962170371208442,0.12143024922949358,21.66085782908939,19.003738403320312,548
0,Enhanced Analytic,2.5,39697555.10343242,0.554496676360479,0.9535892205563027,0.30641704136908254,0.11711280624276511,2.0446953125475313,21.482906579971313,543
0,Enhanced Analytic,2.5,39553512.0915451,0.5517761262938196,0.9536556003679909,0.2898599454917798,0.11421402342212768,1.9782240736673375,19.026558876037598,551
0,Enhanced Analytic,2.5,39461236.62112231,0.5504976922860362,0.9535677499448311,0.3106721688654472,0.12278946644792171,21.652542471879816,20.18006730079651,551
0,Enhanced Analytic,2.5,39706703.892605886,0.5520575743071007,0.9535928051387721,0.2811313795508705,0.12151467777163139,26.49278875248602,20.502031326293945,551
0,Enhanced Analytic,2.5,39786042.212776765,0.5601000734437583,0.9535958873257063,0.25955297824111334,0.11298210267903773,15.359127870906566,17.982686281204224,549
0,Enhanced Analytic,2.5,39571508.04183783,0.5483299088862058,0.9536173013529117,0.31483722358498006,0.11899249184243144,15.327626366783246,19.65123176574707,548
0,Enhanced Analytic,3.0,43885347.68496251,0.5546941375407624,0.9535744462993657,0.31776190370139795,0.12062339156407957,15.36052892157859,19.964703798294067,546
0,Enhanced Analytic,3.0,44005371.97268176,0.5631400662995646,0.9537245823628258,0.3024542296162541,0.11954525561467305,15.479237147764731,17.859880924224854,553
0,Enhanced Analytic,3.0,43821544.19410699,0.5661762579100429,0.9538405330931785,0.29833082724325705,0.11218124813396385,1.9087592245470308,20.163872957229614,536
0,Enhanced Analytic,3.0,43904876.9617631,0.5610304299113342,0.953748430237997,0.3149893013930865,0.12694472418640848,15.406683020469488,20.365872621536255,546
0,Enhanced Analytic,3.0,43752823.28857333,0.5601095641500268,0.9537542874187294,0.3134252187728086,0.12577714399087306,21.67015685748582,20.111809492111206,547
0,Enhanced Analytic,3.0,44278059.53522181,0.5631605189011799,0.9537884403816983,0.2923626550623125,0.12239906662235267,15.373091035594156,20.445735692977905,545
0,Enhanced Analytic,3.0,44080961.50817735,0.5638066752638443,0.9539291531685803,0.26160923759608046,0.1214754480793855,21.66636813579033,20.57799983024597,547
0,Enhanced Analytic,3.0,43672858.51035149,0.5637106761574886,0.953726909216062,0.322294458331024,0.12586438025221797,21.746328890344255,19.484339952468872,550
0,Enhanced Analytic,3.0,43989752.359429345,0.5603279279413609,0.953391002121721,0.29714705682039544,0.11940215598551274,21.643942290083952,18.909323692321777,549
0,Enhanced Analytic,3.0,44113170.2004607,0.558651711117499,0.9536015747673408,0.29678824329417636,0.1140225839251155,15.327932438127176,20.108639001846313,544
0,Enhanced Analytic,3.0,43874107.19025913,0.5593219518102373,0.95377562691416,0.29883996389087847,0.11798326115089147,1.8660422644930277,19.45236039161682,545
0,Enhanced Analytic,3.0,43869134.81055076,0.5568519370958588,0.9536834618119323,0.29867555471395735,0.11891250788617957,15.35628740851465,21.10170078277588,549
0,Enhanced Analytic,3.0,44154876.52723674,0.5602089504666907,0.9538042148415657,0.2801141212947757,0.11754525402709586,15.394728044750607,19.841164350509644,541
0,Enhanced Analytic,3.0,44076566.248066686,0.5644124901550935,0.9537279441468105,0.2680739088395744,0.11001086849757635,26.51497924351426,20.144771337509155,548
0,Enhanced Analytic,3.0,43993789.68310046,0.5540041199599427,0.9536285981164025,0.3136107618535925,0.11655615868260989,1.1339979983345638,20.272270917892456,539
0,Standard,0.0,18141397.235639542,0.4993575692093144,0.955204446528739,0.9121800123743093,0.10119980001170022,0.4658864254286287,27.524779319763184,1619
0,Standard,0.0,18140151.425254576,0.49731187222529655,0.9556819895649666,0.903254372610441,0.1026178835057184,0.47196163890080667,46.74624538421631,2490
0,Standard,0.0,18142672.780690767,0.5002979682956739,0.9556556667326354,0.9424234752440569,0.09684901681084154,0.44690227822850626,42.71048665046692,2311
0,Standard,0.0,18096853.52939969,0.49991568621560456,0.9555785883102638,0.9282300383477401,0.10117535832806172,0.4655245426084376,31.538315296173096,1884
0,Standard,0.0,18034244.053551596,0.49724742201872224,0.9553698106367328,0.9707608849223907,0.09764141944789811,0.4504665442088214,59.29025435447693,2935
0,Standard,0.0,18487924.133080225,0.5025357983766883,0.955574827394411,0.9640400989382,0.09708799697500649,0.44812164121814524,56.10628914833069,3169
0,Standard,0.0,18394252.403645024,0.5002340388005047,0.9555807483573234,0.9360409433456932,0.09741638171313008,0.4492515050122313,34.92131805419922,1884
0,Standard,0.0,17878271.87425242,0.4962141306453674,0.9550771533459953,0.9605811818033522,0.10248159392865246,0.47140901559820964,48.98283791542053,2436
0,Standard,0.0,18404021.54744496,0.5024162082951332,0.9550087313835824,0.9538903204868315,0.09611522077771643,0.44412284428564613,33.24688649177551,1975
0,Standard,0.0,18181816.82851698,0.4956414390451152,0.9551875665642966,0.9234125883540569,0.10098351168243483,0.46528783357645964,47.527031660079956,2479
0,Standard,0.0,18166284.518550616,0.49968657297247476,0.9558436583050031,0.9624635214149185,0.10133807524814005,0.46653778698643134,35.95801329612732,1936
0,Standard,0.0,18287881.10233171,0.4944456866744092,0.955236834349213,0.9644467722608097,0.09619709832222398,0.4443591138488534,42.26670479774475,2246
0,Standard,0.0,18392418.585079405,0.49954454313551344,0.9555854716201464,0.9204882354831911,0.09917254132483182,0.45688625813789946,34.07811236381531,1823
0,Standard,0.0,18496984.350618552,0.5006623948037225,0.955288429596036,0.8777730823928603,0.09210473217002929,0.42679226075721255,55.18402338027954,2942
0,Standard,0.0,18099272.203809988,0.49467927138172063,0.9551979940739541,0.9769748261730714,0.10326744104011079,0.4748794374187027,35.52048850059509,1880
0,Standard,0.5,22280118.10884916,0.5157379308674003,0.9550623432202948,1.0404805736380898,0.0625586072925601,0.2943089079329551,32.860310554504395,1811
0,Standard,0.5,22419828.1705196,0.5199032670757692,0.9553935797731855,1.0015632633541676,0.060812161546634505,0.2863728867464625,44.26685929298401,2305
0,Standard,0.5,22345883.393012896,0.5209332858997835,0.9554056739471103,1.0189699767678377,0.06070887345107671,0.28584468134375174,41.064202547073364,2300
0,Standard,0.5,22408717.43425476,0.5215970092965725,0.9550245397479343,1.0255971683171203,0.06179601660648964,0.2909027573972618,47.703402280807495,2462
0,Standard,0.5,22202881.905271098,0.5178935788061798,0.9551664297560696,1.0382192110941497,0.06062705188390432,0.2859090410367093,32.0923638343811,1622
0,Standard,0.5,22742317.64716431,0.5229768365971694,0.9553690497510695,1.0699915009156287,0.0600118122408473,0.28260729329630024,28.887564659118652,1704
0,Standard,0.5,22627356.586023193,0.5240952940814878,0.955201234868858,1.0449213409141198,0.05501458685289456,0.26024972093825405,41.219043493270874,2326
0,Standard,0.5,22175875.791760184,0.5194430164673218,0.9547443938654747,1.0433965496923883,0.06018878917194568,0.28361061121377695,43.72958970069885,2204
0,Standard,0.5,22582345.150228772,0.5222474017960709,0.954750753793763,1.035091473919533,0.05935575681434512,0.2797880229187853,48.67009663581848,2532
0,Standard,0.5,22414701.26022064,0.5157993518322104,0.9551043580238043,1.0113845230555558,0.0619126985924362,0.29181142212289574,55.28483176231384,2917
0,Standard,0.5,22492853.09499757,0.5211640608130309,0.9551217933870922,1.0051161274920566,0.06131946337874363,0.28853774393102183,40.97014331817627,2243
0,Standard,0.5,22474888.19964137,0.5171247712316851,0.9549835358918985,1.0729863868767653,0.05787107382936446,0.27349122957521504,30.92548656463623,1687
0,Standard,0.5,22633940.547678906,0.5261196521834822,0.9554593399859662,1.000646227613329,0.05972102090047348,0.28088370935819285,31.04244875907898,1800
0,Standard,0.5,22690757.130145144,0.5234686944675122,0.9550700070944205,0.9842254143007023,0.05496276163643497,0.2600489608137313,33.98215413093567,1816
0,Standard,0.5,22325594.751643233,0.5177374509213953,0.9550587281194436,1.0749770437193502,0.06305590334094213,0.2964982040133132,31.620972871780396,1899
0,Standard,1.0,27118620.398243822,0.523964576503454,0.9544752601895095,1.1788615883572438,0.045918175504669624,0.22496886150927242,20.264108896255493,1243
0,Standard,1.0,27297628.52901805,0.5282554814148954,0.9544352471029814,1.1619274979692777,0.04529705015493317,0.22233055910314886,26.365671157836914,1569
0,Standard,1.0,27249099.202508453,0.5259972276287553,0.9545973310157683,1.1624756038918693,0.04634566315161727,0.22685706853618975,37.32988953590393,2159
0,Standard,1.0,27289281.77529351,0.5243186460682983,0.9542596013102512,1.1550629647237554,0.04862016166036777,0.2380585852184162,22.934531688690186,1532
0,Standard,1.0,27046364.09395407,0.521902942505581,0.9543656436680176,1.215385850796226,0.046530690782372035,0.22829168028787844,27.6954607963562,1596
0,Standard,1.0,27645542.286009148,0.5282074692168873,0.95451696246838,1.1929271844894649,0.04456376789006845,0.22094346362048384,35.84733724594116,1906
0,Standard,1.0,27496309.145995732,0.5251689428556041,0.954486042684231,1.179062514287174,0.04457737400795723,0.21921109334183453,32.90151929855347,1739
0,Standard,1.0,26928433.588516947,0.5215749118351878,0.9540093780275489,1.212528041224525,0.04600553157738587,0.223810978781218,24.076706171035767,1377
0,Standard,1.0,27385634.37841461,0.52320984943502,0.9541784761494488,1.2133896523875134,0.04756789654274702,0.23653334009052332,23.3394877910614,1408
0,Standard,1.0,27288659.532997053,0.521568600733113,0.9542394563242248,1.1596485203795064,0.04685989648577596,0.23010055307359728,25.127910614013672,1459
0,Standard,1.0,27258033.530008093,0.5224081173640507,0.9544284103796274,1.184185921997314,0.047003333920670264,0.2300282562180043,27.66080379486084,1710
0,Standard,1.0,27330916.47805111,0.5192535093835874,0.954266335670316,1.1901840235438925,0.04309248643387826,0.21180159910207916,40.82545280456543,2314
0,Standard,1.0,27485960.615543135,0.5262923617051556,0.9543190608336184,1.1688180742442744,0.04515205178828647,0.22352406229157268,39.66343665122986,2204
0,Standard,1.0,27521184.480205446,0.5281618643152581,0.9544798912218891,1.1313250298569641,0.043345532063765575,0.21485678222796484,30.990793228149414,1702
0,Standard,1.0,27254993.54249234,0.5236053725041986,0.9542642951498824,1.2105400044507377,0.048015494997428264,0.23428582984855584,47.51097559928894,2573
0,Standard,1.5,32354918.455625974,0.5082051780189621,0.9535145790480939,1.4124092112128108,0.04896265561924045,0.2575203959167338,19.800100564956665,1026
0,Standard,1.5,32528657.027556036,0.5110822327273747,0.9536895803304014,1.3707388293626097,0.049774964614962516,0.2607964271914184,10.477436542510986,660
0,Standard,1.5,32413315.41819741,0.5126758381758937,0.9538027362403437,1.3920703553976204,0.04959384208791905,0.2600694686434594,22.016496181488037,1174
0,Standard,1.5,32443563.219751157,0.5071653631737153,0.9534267146900434,1.41557439200908,0.051358854479390224,0.2710930905343675,13.583281993865967,606
0,Standard,1.5,32253875.132571176,0.5073716805650775,0.9536140079569122,1.4122578319478516,0.05006791008504419,0.262004254199979,25.37945318222046,1435
0,Standard,1.5,32840821.126577694,0.5120309983565962,0.953741489781042,1.4045883648546944,0.051113703516000905,0.271820467434988,30.142284631729126,1601
0,Standard,1.5,32766797.29010812,0.5104779043903799,0.9536749217299858,1.4040005504232393,0.04808491422657589,0.2548880230214494,34.5388970375061,1790
0,Standard,1.5,32161604.051893856,0.5117477218408223,0.9533273054248169,1.407211714457816,0.049688787205844506,0.26107992094462856,12.276445150375366,643
0,Standard,1.5,32649629.27606078,0.5078268167929971,0.9533443799194237,1.4179566597943918,0.052141925014252334,0.27834250108175224,22.322487115859985,1223
0,Standard,1.5,32495819.532965492,0.5072199110188462,0.953566812974622,1.3757830317060558,0.05084563773397692,0.2690445077172096,19.01271080970764,1048
0,Standard,1.5,32469339.022866774,0.5076615297574069,0.9536475376766828,1.4045169020132422,0.05105852614853101,0.2683665468228255,22.7354633808136,1204
0,Standard,1.5,32509758.55429786,0.5052150727531194,0.9534336324045416,1.4312644054987929,0.04881618398136519,0.2597165369112846,29.485100507736206,1521
0,Standard,1.5,32682021.121877477,0.5096204544625773,0.9535017480601933,1.4153393531670881,0.05122657150882298,0.27260847562103185,25.10991930961609,1339
0,Standard,1.5,32727737.50857494,0.50924325623761,0.9536051395779913,1.3675390935463896,0.04989612780538358,0.2658474675710988,20.13918447494507,1079
0,Standard,1.5,32432789.697909664,0.507204972176165,0.953417363263475,1.4517392402196747,0.05136165880432988,0.26917994724312466,21.460126161575317,1127
0,Standard,2.0,37803532.58185498,0.4780815970004189,0.9527406197169174,1.641076293161651,0.05445964890797027,0.29566980415423455,12.183777809143066,605
0,Standard,2.0,37936797.87644741,0.48114056411589795,0.9529577886268467,1.6493372769585763,0.05421760844271915,0.29392592876071755,11.05355191230774,614
0,Standard,2.0,37815686.583202295,0.4843791946288774,0.9532889291397688,1.6810229067662166,0.05433032168216736,0.29589014130363905,10.96993613243103,599
0,Standard,2.0,37822907.57934694,0.47312023421079885,0.9529118508932304,1.681337767659318,0.054965646601407216,0.29758165821159865,11.669883489608765,602
0,Standard,2.0,37656988.71482282,0.478484111770841,0.9528502975053523,1.693857557568349,0.054412259553239146,0.2957529828771191,11.176973581314087,595
0,Standard,2.0,38236585.66720467,0.4829649212930836,0.9530219802914954,1.691869553262839,0.05477042662110914,0.3016511204820602,11.118220090866089,614
0,Standard,2.0,38146740.24292592,0.4781175458460081,0.9529596399911177,1.6657381080874007,0.05268828533505879,0.2879662049080445,11.413901567459106,607
0,Standard,2.0,37524439.91781217,0.480402444427455,0.9525664406603959,1.6891332548069948,0.0545290051931821,0.29556819811660007,11.492538452148438,604
0,Standard,2.0,37943006.91176982,0.478475259884557,0.9525773947333848,1.7135871637838669,0.05723280581917304,0.3148776695618631,9.907366752624512,612
0,Standard,2.0,37944028.011147276,0.4796357679674385,0.9527755899892738,1.649673717711443,0.055415274826589145,0.3036844832798135,10.10401725769043,612
0,Standard,2.0,37889518.67473577,0.47549393997113476,0.9529570019149526,1.6725447237578999,0.055234964763370725,0.29867989726195715,12.812867164611816,609
0,Standard,2.0,37846279.57838915,0.4752751042831394,0.9527609243128886,1.7455320110741737,0.05393647644853346,0.29414099791303605,12.130390167236328,605
0,Standard,2.0,38086370.93885306,0.47810354882602457,0.9528698991429728,1.675696167515678,0.055767108154056964,0.3075348272565908,12.205477714538574,580
0,Standard,2.0,38124718.94860898,0.47947494950200215,0.9528692402556102,1.6512077504734002,0.05393692617540738,0.2958177673134382,10.201127529144287,602
0,Standard,2.0,37839167.5188432,0.4762336559309676,0.9527177049758645,1.7029589311761555,0.05609172827691683,0.30423822732209344,9.533745765686035,614
0,Standard,2.5,43154934.03434095,0.43796261394529645,0.9520402807263946,1.969871480398741,0.055858868597774516,0.3068565451504431,10.028126239776611,602
0,Standard,2.5,43382635.775564104,0.44326694199319194,0.9525330894139944,1.9366230169211422,0.05594864465785199,0.30798762461869417,9.965884685516357,589
0,Standard,2.5,43118360.47729659,0.4420921574430342,0.9527735687025801,1.9749344658362455,0.055727908385805394,0.3045264243712853,11.423296928405762,598
0,Standard,2.5,43252035.30563986,0.43500403221329614,0.9523515281305932,2.0047077306900527,0.05637122240126745,0.30994358232020897,11.19518494606018,594
0,Standard,2.5,43015433.21065418,0.43892378388182873,0.9523184096738798,2.0133738963165375,0.057028880801058224,0.3136026457427408,9.231628656387329,606
0,Standard,2.5,43617473.21587013,0.4411749061731747,0.9524475984901665,1.998525939956183,0.056873889500460253,0.31408870690611035,10.9798264503479,588
0,Standard,2.5,43517654.38017973,0.4386499534729135,0.9525402352164755,1.9646934307726607,0.055565402026552156,0.3060406440338184,10.652185440063477,595
0,Standard,2.5,42919394.28242766,0.44217061811410363,0.9520995048492171,2.0126750228556745,0.056353247327966316,0.31152434373109805,10.465603828430176,600
0,Standard,2.5,43354198.09767576,0.4396341425724004,0.9521134394824285,2.0365153422337605,0.058491081347823375,0.32658361164637983,10.994458675384521,599
0,Standard,2.5,43391664.62855546,0.44347413450521106,0.9523268254565842,1.9507977077377585,0.05735999574846473,0.3184498093657243,10.419397592544556,601
0,Standard,2.5,43256182.97448861,0.43911469895612065,0.9524796481297062,1.9961154688172282,0.05712184897736146,0.31297760026882926,10.963483810424805,595
0,Standard,2.5,43157387.03738653,0.43797133954987705,0.9522411731110676,2.039401054889141,0.05580800401562631,0.3092249526502952,10.210656642913818,594
0,Standard,2.5,43410401.68669857,0.43798846615666787,0.9523992510702347,2.0307177503031912,0.058314287765983665,0.3244133475383908,10.659979581832886,601
0,Standard,2.5,43573148.44208821,0.4415447631869719,0.9524341712592567,1.940991839243807,0.055469928277702196,0.3090357616923096,11.27010440826416,598
0,Standard,2.5,43240652.803419106,0.4375291328545491,0.9521589666516763,2.0240074450598464,0.057289931911601435,0.31486977563532886,10.74573564529419,593
0,Standard,3.0,48464522.277205355,0.39910692417833665,0.9518265183136146,2.3151034648548507,0.056414995126873924,0.31061347669889144,10.508673191070557,593
0,Standard,3.0,48626520.920550436,0.40322393443821225,0.9522164438338491,2.3253695097767024,0.05602529805939166,0.3092569891491418,9.754034996032715,601
0,Standard,3.0,48464810.56871705,0.4054196757597962,0.9523730647425689,2.298788706088557,0.05652025456997966,0.311325427895853,11.660601377487183,599
0,Standard,3.0,48558062.571272194,0.39669946749868346,0.9521557427555852,2.3280164153997456,0.05740445473543132,0.31539472099847354,10.776244163513184,590
0,Standard,3.0,48360277.62383655,0.39991346479641016,0.9520350114217879,2.3598629290904025,0.05717039195694994,0.31669177458784653,10.683159112930298,599
0,Standard,3.0,48965184.8664395,0.402717216090759,0.9521258905012896,2.31740827647227,0.05710206464563444,0.31658463530486475,10.146201848983765,603
0,Standard,3.0,48793974.19736433,0.40000562674159157,0.9521852147570293,2.302741287939733,0.055129442510716074,0.3054172233387165,10.328485012054443,602
0,Standard,3.0,48307220.136606105,0.4005077069068726,0.9518480284229855,2.3452092211636626,0.05701791987386438,0.3148187966430092,11.228076696395874,589
0,Standard,3.0,48598136.760005385,0.40024116929905784,0.9518575478351712,2.374524339731331,0.059093083859046575,0.32997793417452514,10.81018877029419,602
0,Standard,3.0,48719425.0607929,0.40330776277802016,0.9519645037910707,2.276019757241479,0.05806191375616688,0.32133941295759755,10.958205938339233,599
0,Standard,3.0,48484061.30497,0.4016971632818861,0.952139222129963,2.3549693686097557,0.05739298644262898,0.3164176619554772,10.973430633544922,596
0,Standard,3.0,48450076.36363763,0.3999658440604818,0.9519621121958316,2.3877599887920806,0.05620719415108538,0.31290287620009943,10.737023115158081,595
0,Standard,3.0,48785524.60376743,0.40131934949861503,0.952120101812427,2.333091587010989,0.05818918984860094,0.32609291239000326,10.182807683944702,588
0,Standard,3.0,48755738.49758114,0.4015403150340344,0.9520462710490953,2.2913236729659316,0.05633891202750822,0.31384453767291265,10.786920309066772,601
0,Standard,3.0,48556281.85315109,0.3985253401247095,0.9517499657914686,2.364114130233973,0.05812354111203312,0.3207473526889307,9.948614358901978,603
0,Enhanced,0.0,16764941.797390936,0.43979063741580254,0.9528854353061856,0.9821162036323985,0.5308641365960763,49.01578522282234,34.63698053359985,1801
0,Enhanced,0.0,16763744.441069316,0.4375239413277561,0.9532613414643437,1.0199125013744081,0.5313913042542593,56.18745570222241,51.372156381607056,1711
0,Enhanced,0.0,16783326.532797523,0.44263089771116826,0.9530672880844977,0.9921120831285368,0.5311739185558735,50.87285470778648,40.63569688796997,1682
0,Enhanced,0.0,16680521.318489533,0.4424273826435823,0.9531881284960033,0.9652539172671418,0.5360164486110549,50.36053757232174,39.36301350593567,1569
0,Enhanced,0.0,16681054.449205194,0.43991987100239616,0.9530826836692107,0.9889897040000958,0.5346453307143632,54.78332672021441,47.591313123703,1947
0,Enhanced,0.0,17108079.724216755,0.4429630133392477,0.9531021533619164,0.9620925926953605,0.533232355566909,53.16997613651431,44.81144428253174,1962
0,Enhanced,0.0,17025401.082583435,0.44179719225144515,0.9533019996651756,0.9525366149615091,0.5320810339263268,47.60826120852082,43.30506920814514,1652
0,Enhanced,0.0,16550673.134129308,0.4358721430719263,0.9528720445722885,1.0132379662611564,0.5263999061777442,47.93960425117555,46.31670665740967,1790
0,Enhanced,0.0,17039448.14795778,0.4427685538248249,0.9527247221803108,0.9589603552352046,0.5249665827640294,51.3084593064134,39.557151794433594,1707
0,Enhanced,0.0,16789288.25165148,0.4380158140552088,0.9529631085319941,0.9952277542246974,0.5321724997537729,50.70195718375145,37.56669235229492,1464
0,Enhanced,0.0,16821053.054400977,0.4383955037201766,0.9532682439389071,1.0012146018998733,0.5278970998727183,50.984609838472515,34.30748915672302,1437
0,Enhanced,0.0,16927532.619252514,0.437438952352739,0.9529962989709473,1.0039206979154525,0.5278284381583224,59.31158288910136,56.40452527999878,2162
0,Enhanced,0.0,17006524.144419115,0.44185075965992526,0.9532841852621586,0.9541623029856993,0.533402517770132,49.86014500204027,51.37765598297119,2044
0,Enhanced,0.0,17113869.911361955,0.4437017738678825,0.9530307115807363,0.9389014674553313,0.5319315251317804,52.60276573695136,39.57538461685181,1586
0,Enhanced,0.0,16734774.665157449,0.43456132789200413,0.9529861786063525,0.9920437226937728,0.5321634890951465,53.43315052165677,46.029181718826294,1903
0,Enhanced,0.5,20782051.200232014,0.4638669226066814,0.9532324321995767,1.1030784129072935,0.5362749294552657,53.930480780012715,52.87989020347595,2067
0,Enhanced,0.5,20912744.513692603,0.4671643303645634,0.9536057109321332,1.0972824894274282,0.5404001852906145,46.13405413425034,40.18658661842346,1659
0,Enhanced,0.5,20859901.821692873,0.46862641491693197,0.9535561397485363,1.1443821398315828,0.5409704633421328,37.23619234788726,40.665507078170776,1652
0,Enhanced,0.5,20916900.671592567,0.46852902997916457,0.9533722280615068,1.0508564164304228,0.523177949876131,46.867082204174366,40.307562828063965,1529
0,Enhanced,0.5,20758152.397068176,0.4648759039220135,0.9533537571250068,1.1129117148757133,0.5234263883787655,37.98290393401797,40.38376188278198,1609
0,Enhanced,0.5,21225356.490009718,0.4685317300521553,0.9534373043238065,1.060581262826688,0.5375381396004627,42.471600045757754,36.54858160018921,1530
0,Enhanced,0.5,21147455.530121095,0.47022113839785834,0.9534617027621063,1.0775594391281968,0.5360197264931912,44.33546359238034,37.93369174003601,1556
0,Enhanced,0.5,20709241.899315577,0.4662360404534425,0.9531351065340592,1.068665036352098,0.5150195878974595,45.17607788941821,44.51091527938843,1782
0,Enhanced,0.5,21097766.893306963,0.4680147066555343,0.9530373917909619,1.1173076652418716,0.526263938750588,42.93809871718961,43.516582012176514,1722
0,Enhanced,0.5,20928140.708818488,0.46330736899659963,0.9533659492383935,1.0994758940720508,0.5255805873321951,43.01166031920924,47.595410108566284,1892
0,Enhanced,0.5,20993474.10359942,0.4671704056359487,0.953361408627211,1.1002257633645924,0.5373479772741895,41.95010091847275,34.197564125061035,1547
0,Enhanced,0.5,20973385.10393629,0.4647352074606955,0.9532530791569455,1.1100491954165528,0.5400479514055264,42.69952954011529,36.02300810813904,1569
0,Enhanced,0.5,21194846.8718865,0.47054484551003595,0.9535556825716216,1.0529238923758832,0.5184058094423073,45.360099423162396,42.74323797225952,1742
0,Enhanced,0.5,21201550.175862152,0.4698691340721784,0.9533522962729044,1.090066309771361,0.5394566163621516,46.5592118315974,43.54972314834595,1706
0,Enhanced,0.5,20825351.442705285,0.46430117606875243,0.9532722829355098,1.0897711258177387,0.537961871305969,50.511982589692195,47.21999931335449,1883
0,Enhanced,1.0,25530618.118950024,0.4794546746898399,0.9531478021917642,0.7295909723904501,0.4013324253784716,35.58528669154623,36.578920125961304,1487
0,Enhanced,1.0,25698134.20105706,0.48611535659331523,0.9531274365036607,0.7060733633748245,0.39902512623099784,27.421210585300187,27.56169867515564,1158
0,Enhanced,1.0,25615575.524925895,0.48602112932854363,0.9531509816585008,0.6969300227106575,0.39989379219373955,27.79483533652384,29.378726720809937,1210
0,Enhanced,1.0,25613653.28982771,0.4846695075451678,0.9532140903796473,0.7024816095478285,0.40591282362926484,32.66825992321519,25.875931978225708,1224
0,Enhanced,1.0,25468128.649040997,0.4788961252489199,0.9531735513981007,0.7250102876215099,0.3999734003246263,34.96184213607177,21.765448570251465,1058
0,Enhanced,1.0,25978261.86923571,0.48565361004397384,0.9532399281999858,0.6986158758901329,0.40584778940976496,30.0602993262467,50.11273121833801,2070
0,Enhanced,1.0,25852639.10216337,0.48476464795042606,0.9533629436469043,0.7141710278024308,0.4021880120199086,32.362034554905485,31.256315231323242,1279
0,Enhanced,1.0,25322573.897145018,0.4801256102432508,0.9529840147627056,0.7425401802033337,0.40391399019903995,22.902546737971903,26.93442177772522,1037
0,Enhanced,1.0,25768828.228015464,0.4826601448671774,0.9528806032366568,0.702652235268923,0.4016149327634303,28.672204144787816,24.607624769210815,961
0,Enhanced,1.0,25662183.59986582,0.48117094586216397,0.9530752603371486,0.7271749059734043,0.40220583107588725,34.98972522625207,32.204333782196045,1286
0,Enhanced,1.0,25609824.069439586,0.4819644285845202,0.95326256271656,0.7086463357724518,0.39989087662989553,28.960720747985878,44.972671031951904,1870
0,Enhanced,1.0,25710613.214350782,0.47907215558190547,0.9530874530119389,0.7076191833295086,0.3995911069189452,33.95034245153745,28.97303819656372,1196
0,Enhanced,1.0,25859754.65261903,0.4838811141406428,0.9533648579949976,0.7215686076300316,0.404728452360636,28.497946190893256,34.466580390930176,1273
0,Enhanced,1.0,25874994.032335203,0.48752388797057755,0.9532967209202575,0.6826029098408553,0.39871646201499117,32.55658157648752,40.69233512878418,1792
0,Enhanced,1.0,25625726.95830523,0.4797722048458709,0.953283953058847,0.7361826677072918,0.41068461644804694,28.682288127730484,26.421170949935913,1079
0,Enhanced,1.5,30191449.774277475,0.5099619890674273,0.9533023982314173,0.6313778402707358,0.38507624172646776,24.09777947702435,17.555782794952393,768
0,Enhanced,1.5,30364106.399337582,0.514295650177259,0.9534553422823752,0.6165819588881631,0.3813467435696771,21.6704473879543,15.071824312210083,655
0,Enhanced,1.5,30207212.341205865,0.5191176468698231,0.9534818432584455,0.64008532133239,0.3847931669928141,14.551509538593425,12.886526107788086,605
0,Enhanced,1.5,30222648.92024622,0.513876938903993,0.9536244537208844,0.6355085003157765,0.39122660961592337,25.013366964682614,14.8745698928833,585
0,Enhanced,1.5,30100706.08154031,0.5098207537192121,0.9535194101303973,0.6627229835092949,0.39264876668905,15.85289749052307,17.665302753448486,663
0,Enhanced,1.5,30625123.86333957,0.516191764881072,0.953393104911762,0.5887329955086601,0.37582069392829626,17.49141268399495,12.674056053161621,602
0,Enhanced,1.5,30547664.512464512,0.5171683848528001,0.9536416570157145,0.6007951673654573,0.3825243502671551,20.74523253075745,22.878607034683228,945
0,Enhanced,1.5,29978019.095172253,0.5159586680187764,0.9533328807273352,0.6384391496297412,0.3861233544559128,38.14529680938982,26.671258449554443,1119
0,Enhanced,1.5,30465616.73631259,0.5154086654023221,0.9532562626276161,0.632933997631221,0.3889519135171197,21.582769309907974,22.36353611946106,905
0,Enhanced,1.5,30294670.40890429,0.5137001528503146,0.9533938144262868,0.6694676980320703,0.39418119046397926,20.3988787954039,20.61371898651123,824
0,Enhanced,1.5,30258923.89688791,0.5148736890699441,0.9535604035341229,0.6454855569458462,0.38613050084042144,20.944811013937244,22.171385526657104,929
0,Enhanced,1.5,30314512.015010744,0.5125496870643647,0.9532694497835084,0.6248850440155546,0.3841430430802679,21.2514129998584,20.636062383651733,803
0,Enhanced,1.5,30459808.49305696,0.5161465381674881,0.9535396836411172,0.5945055088732333,0.3884403111218549,22.483531383665394,19.07281756401062,870
0,Enhanced,1.5,30512473.8194493,0.5178010029079436,0.953500781966761,0.5942814578810837,0.38380891995655564,24.77533437323636,18.70289707183838,719
0,Enhanced,1.5,30254587.25856426,0.508977744173457,0.9534914821982482,0.6397351319191048,0.39042414832730155,21.16162010030548,21.69315457344055,795
0,Enhanced,2.0,34809548.75073572,0.5383263730789303,0.9536300171417852,0.5849032400418328,0.38007618957827555,25.73647290081784,12.87598729133606,583
0,Enhanced,2.0,34950853.975171015,0.5441160218716986,0.9536324665694991,0.5576992817596127,0.37392981996221136,21.634320286367526,15.14095425605774,582
0,Enhanced,2.0,34802875.742769524,0.5494541289459337,0.9538499527459493,0.5943893896564595,0.382521198128581,18.504973546074133,12.705715656280518,583
0,Enhanced,2.0,34787247.04706331,0.5391948091227943,0.953794753464875,0.5677371782749294,0.3813151208027722,26.635602267877225,14.680075645446777,581
0,Enhanced,2.0,34690365.798536114,0.5401465446250847,0.9537725178831898,0.5888560875358234,0.38386949373032325,19.275975961601755,14.161158323287964,568
0,Enhanced,2.0,35199160.742883146,0.5453688647739613,0.9538317177318444,0.5495549392442132,0.375657149687921,17.410296546695623,16.332672834396362,574
0,Enhanced,2.0,35093133.98221248,0.5456689271932456,0.9539751636674467,0.5746155509138527,0.3822255217160025,19.221112403663366,14.520936012268066,577
0,Enhanced,2.0,34531003.022820815,0.5425342787215578,0.9536257895044213,0.6063416244373818,0.37824753189321053,20.55007114973076,13.375503540039062,584
0,Enhanced,2.0,34952860.770712644,0.5435092274011626,0.9535173498679704,0.5737606913581922,0.37897470936551153,16.468851031645364,14.155335187911987,582
0,Enhanced,2.0,34939808.503664434,0.5402641217797535,0.9535366718181534,0.5815382777271327,0.3775088835123763,17.043071139217144,14.420687675476074,571
0,Enhanced,2.0,34867097.18104791,0.540306733970467,0.9537898087439773,0.5915944093903961,0.37995493100221134,16.732221142944407,14.776525974273682,570
0,Enhanced,2.0,34857861.48094252,0.5377084023813445,0.9536234996383391,0.5807814518070972,0.37977667836830553,18.55891739135316,15.183955430984497,577
0,Enhanced,2.0,35072629.58917151,0.5406596255666721,0.953803934419887,0.5629542198251181,0.3855369744410834,23.497946261099795,14.08422064781189,577
0,Enhanced,2.0,35080958.45406872,0.5459002735261483,0.9536939252120302,0.5287118097744684,0.3766344666351762,15.923538598199245,14.485901117324829,575
0,Enhanced,2.0,34854854.30899966,0.5363567353296703,0.953723031686989,0.6161593223606836,0.3855100325855509,12.876546636782246,15.207137823104858,579
0,Enhanced,2.5,39268492.31236252,0.5524943464065399,0.9536135457064641,0.5641569383447126,0.37764850808339817,19.099045841885992,12.492036819458008,582
0,Enhanced,2.5,39471305.06269195,0.5610290551664748,0.9538933577032922,0.547212379156531,0.381707632708755,27.573384721876998,12.084513902664185,586
0,Enhanced,2.5,39201068.94881403,0.5612724356267933,0.9539465528199641,0.5690934545213199,0.38028891341078563,23.071150523847297,12.292334794998169,581
0,Enhanced,2.5,39292628.757523604,0.5579329779746206,0.9539154716654819,0.5388442812954781,0.37709200653470604,27.55864535331803,13.907584190368652,577
0,Enhanced,2.5,39158741.70213156,0.5555883282169128,0.9538845930513441,0.5719840186187614,0.38075599084242023,17.199231717320913,12.201419830322266,583
0,Enhanced,2.5,39657902.38235114,0.5597148823432406,0.9539264040956617,0.5302799486991456,0.3762791373189109,24.032386117549947,13.367112636566162,574
0,Enhanced,2.5,39530511.39517416,0.5604085698555401,0.9541081529156558,0.5363850433261738,0.38170846954624993,16.25704380198375,13.594400644302368,580
0,Enhanced,2.5,39008231.78576535,0.5624622542008761,0.9538391944132549,0.5845638910746928,0.377192132954486,18.74289975015617,15.251879215240479,574
0,Enhanced,2.5,39439959.38206016,0.5594793820612681,0.9535541845034675,0.5458227266982582,0.37579872908926254,21.343987250241717,14.245330095291138,578
0,Enhanced,2.5,39471668.18648819,0.5591691200499287,0.9538357125925719,0.5711375415534378,0.3828951924329198,20.42892111698075,12.732877016067505,583
0,Enhanced,2.5,39318721.91558042,0.5577514784110191,0.9539781975968955,0.5535807537119314,0.38218386561159656,19.85269364958943,13.402108907699585,574
0,Enhanced,2.5,39231741.039880015,0.5549328965752232,0.9537857572917848,0.5726270472420504,0.37720241110896896,18.581382375739334,14.052890300750732,576
0,Enhanced,2.5,39527729.583202936,0.5531408963898308,0.9537569829517244,0.5376435922337229,0.3802478719443074,19.90235335301762,13.058865547180176,577
0,Enhanced,2.5,39585631.39476885,0.5648246426383098,0.9538180273990211,0.48253298441982306,0.3691384005258287,20.434026290771175,14.144867420196533,569
0,Enhanced,2.5,39353991.845836,0.552465756448508,0.9538686355522651,0.58259469312529,0.38255218354625303,15.296736517439518,15.262708902359009,576
0,Enhanced,3.0,43685635.18099423,0.5591906106890958,0.9537643125391991,0.5617791367144024,0.37863038756639766,22.18432523796257,14.272107124328613,574
0,Enhanced,3.0,43810434.37888779,0.5690301779842308,0.9539644128535111,0.5397221208952355,0.380292274347783,27.52006198890681,13.680078029632568,578
0,Enhanced,3.0,43606232.99641678,0.5717856815592209,0.9540571638592208,0.5592428656279923,0.38194632916882304,20.57750839471171,15.386865377426147,574
0,Enhanced,3.0,43696340.32641613,0.5658264941324628,0.953952775659284,0.5102443738547409,0.3776885920948947,20.20562960575244,14.415493726730347,574
0,Enhanced,3.0,43557667.774272405,0.5650197061548571,0.9539350438714069,0.563610337274145,0.38247106444226125,27.815459858871407,14.03735065460205,580
0,Enhanced,3.0,44076792.89683337,0.5685135663778865,0.9539381620864962,0.5140561768026394,0.3752568501401063,21.98864037174079,13.891456842422485,577
0,Enhanced,3.0,43899591.94566985,0.5695292122486747,0.9541139024201712,0.5291427723079553,0.37584549151808005,19.816977736838002,14.394383430480957,568
0,Enhanced,3.0,43459290.43161975,0.5687886922299911,0.9539485460093108,0.5629297093070524,0.3770838708726081,30.78484735035089,13.48156213760376,558
0,Enhanced,3.0,43787756.71973296,0.5656220970402996,0.9535939662294701,0.5411687537579113,0.38040637280836503,18.3431650604811,13.417919397354126,574
0,Enhanced,3.0,43906356.37924087,0.5650210642509843,0.9538155371670819,0.5451565049808709,0.38027463476614104,16.535082661364328,13.562387466430664,578
0,Enhanced,3.0,43664947.62213301,0.5652274515629067,0.9540077079492073,0.548076689446045,0.3792336984505381,23.75936162146325,13.380902528762817,577
0,Enhanced,3.0,43667752.28194571,0.5631041893230787,0.9538793636630862,0.5556629935176323,0.3765894887844236,16.778566923616523,14.285821676254272,574
0,Enhanced,3.0,43987283.47609638,0.5622291561440748,0.9539172604039379,0.5315061376288246,0.38244205652366353,22.855986324749416,14.065868139266968,580
0,Enhanced,3.0,43868814.31826981,0.571161244196995,0.9539631852811852,0.504212331161901,0.3744326222644459,25.063276171191777,14.087440013885498,578
0,Enhanced,3.0,43791796.4732967,0.5600443352233194,0.9538241699594429,0.562037398535547,0.3799848937423803,9.823906203176469,13.557916641235352,582
0,Standard Analytic,0.0,17304741.065763813,0.4742154477968557,0.9544233748067562,0.5748131926275135,0.2045568448108256,35.050047711542824,53.90231442451477,1016
0,Standard Analytic,0.0,17312296.926994525,0.47300820784058945,0.9552944444762939,0.5652660921715219,0.2024550107651255,25.19528921568438,45.56397724151611,994
0,Standard Analytic,0.0,17292029.254428253,0.47669512710943973,0.9545299082612584,0.5903064560696971,0.20667579709978454,36.382067268077996,48.10888051986694,990
0,Standard Analytic,0.0,17226645.444514282,0.47573664605786353,1.0380823020430647,0.5774592329078594,0.20903753211865309,19.74790176067993,57.217610120773315,1266
0,Standard Analytic,0.0,17189907.349002972,0.48263560672168326,0.9552425858423672,0.602303465257819,0.20335931526036455,3.7864269889513698,60.88216996192932,1298
0,Standard Analytic,0.0,17639181.058030274,0.4776602339358333,0.9550480108946369,0.5586186144575637,0.20850009928946925,19.722538341600167,46.69196844100952,988
0,Standard Analytic,0.0,17566783.827883217,0.4780336251549237,0.9552582532448572,0.5587295120381267,0.20337866924598455,25.176921324059332,58.201826333999634,1245
0,Standard Analytic,0.0,17036635.673959915,0.4712022086369807,0.9544536605507006,0.580707500771046,0.20724290732166126,50.997689043445405,38.986393451690674,948
0,Standard Analytic,0.0,17538867.793118086,0.49237512773998665,0.9540567125264301,0.5420858978150528,0.20274959563801087,47.69719054008776,47.716881275177,1082
0,Standard Analytic,0.0,17357615.585621133,0.4853297404467836,0.9551688971154755,0.5783079480649083,0.19436763830238196,33.232208432311445,45.12166452407837,916
0,Standard Analytic,0.0,17326936.602733843,0.4766210922811596,0.9552015624269901,0.5939969647516804,0.2047653177645523,19.779289502899694,40.90084171295166,983
0,Standard Analytic,0.0,17423191.868036024,0.4707991130953105,0.9545690774932066,0.5807116102359435,0.20948264552363327,25.037430318753945,44.26755332946777,979
0,Standard Analytic,0.0,17543919.806428242,0.47584935085060104,0.9560831045763557,0.5574082460959926,0.2065705425933192,21.885035227359435,46.55250358581543,996
0,Standard Analytic,0.0,17672982.255014736,0.4780015314580285,0.955067527674974,0.5693576938273365,0.2027447781471938,21.899166936700407,50.34170317649841,1081
0,Standard Analytic,0.0,17246719.202981815,0.46952360676375576,0.954979923043643,0.6037506222682949,0.20926338239291126,27.658884739531956,46.30489635467529,1067
0,Standard Analytic,0.5,21441805.806241658,0.5077072845714286,0.9549823584632458,0.6209448770874216,0.20749408980298256,15.674641765702697,38.380335330963135,1005
0,Standard Analytic,0.5,21583915.845455624,0.5413868605673495,0.9562674011286902,0.5662863464153522,0.19193161515663995,21.810853832793835,33.987823724746704,846
0,Standard Analytic,0.5,21511562.76815858,0.5296270213801075,0.9554554278295907,0.5920511783355525,0.19728837277961062,15.495417791876823,41.37804985046387,958
0,Standard Analytic,0.5,21524605.300912037,0.5382113530400391,0.9775686612041778,0.5735854537663261,0.19902450379403008,15.678746961913056,40.747114419937134,914
0,Standard Analytic,0.5,21373240.621522777,0.524895440588241,0.9556445659984152,0.5888065349274683,0.1986153793300485,21.77461274138283,45.71608304977417,920
0,Standard Analytic,0.5,21892750.939247217,0.5365041140588902,0.9559089724242209,0.5640836207552412,0.19984382662062378,19.544619365180285,49.159968852996826,1014
0,Standard Analytic,0.5,21813479.32117164,0.5160078143730074,0.9557195391195639,0.5874452216749294,0.20609777016478842,3.245080334621654,58.893362283706665,1269
0,Standard Analytic,0.5,21306377.0975224,0.5377901682509901,0.9553034477500089,0.5617469888047149,0.19703281225853556,34.9999761282268,47.80817365646362,1066
0,Standard Analytic,0.5,21710487.17435442,0.5371966420005684,0.9555799279534161,0.5636306071066693,0.19936181019091925,29.15515027514267,43.86198830604553,896
0,Standard Analytic,0.5,21567934.371116444,0.522261956470112,0.9553964469098896,0.5805996665507834,0.19573283811491712,20.07453624920819,45.73216509819031,1080
0,Standard Analytic,0.5,21648547.893348947,0.5184097139977082,0.9557531911288327,0.5893552524413984,0.20213797272364123,20.150083008455137,38.5132360458374,951
0,Standard Analytic,0.5,21614366.73384556,0.510946761253954,0.9550289024597871,0.6054753115057435,0.20947591943456467,21.896283078721574,38.61103820800781,926
0,Standard Analytic,0.5,21787798.051527936,0.5307203205732903,0.9594287218257752,0.5671586564135352,0.2030799623325606,3.2629232724903883,46.033528089523315,951
0,Standard Analytic,0.5,21868778.226009272,0.5232805877288896,0.9559134488381286,0.5980835717090127,0.19826395292436821,21.874530461003186,56.10683536529541,1187
0,Standard Analytic,0.5,21477750.17224138,0.5110105916652452,0.9558032137955726,0.6300618325945505,0.20559585711377812,19.72539123311053,42.73145508766174,942
0,Standard Analytic,1.0,26243698.30002699,0.5650481776487626,0.9560719063691148,0.6071265316515854,0.19857922483869864,15.610836644376743,24.337846755981445,583
0,Standard Analytic,1.0,26368710.498705097,0.5780158124664344,0.9565358536070396,0.5744295775722715,0.18946695319613294,2.982454762552291,28.860718250274658,701
0,Standard Analytic,1.0,26338943.32805265,0.5756811130212549,0.9564635285442754,0.5992927496979737,0.19116198002441426,15.558432603605437,25.69182515144348,631
0,Standard Analytic,1.0,26303293.235478308,0.59159257867235,0.9570799601986489,0.5573873939390248,0.18596657330313413,15.655081580588178,23.564202308654785,647
0,Standard Analytic,1.0,26110629.58606841,0.5690664761522666,0.9564101833266776,0.6153177927605631,0.19834089407555336,15.586000663213019,25.47686767578125,548
0,Standard Analytic,1.0,26694799.0796105,0.5898046766271344,0.9566201186880383,0.5633081237682594,0.19296551892234934,29.10693607536061,28.520082473754883,600
0,Standard Analytic,1.0,26571869.4213284,0.5865551856233202,0.9569610989885696,0.5501482444721606,0.1866742083167267,15.520472681610554,36.65601301193237,791
0,Standard Analytic,1.0,25966687.381176017,0.5882986021940044,0.956124463504659,0.5663215018378442,0.1884420022057985,15.461332148994712,38.14172077178955,893
0,Standard Analytic,1.0,26422800.087916147,0.5717153385116138,0.9554194454962691,0.5767616641554539,0.19693813642884872,15.565814775382833,29.458966732025146,659
0,Standard Analytic,1.0,26394536.352839727,0.5527222907011934,0.955029647079542,0.6325593232810638,0.19511931569169638,21.78780190598135,25.148772716522217,584
0,Standard Analytic,1.0,26320500.450628582,0.5929308478792751,0.9570280525179966,0.5615481809364105,0.178247562567196,2.56247251477312,32.81674289703369,748
0,Standard Analytic,1.0,26388162.893551882,0.5688277627710014,0.9558392360166204,0.5922162090749714,0.1920164600845998,24.8648830779434,27.469256162643433,651
0,Standard Analytic,1.0,26560680.813389152,0.5742765420085056,0.9564324475760483,0.5719349050729663,0.1918414102339654,15.501631190413818,25.400031805038452,674
0,Standard Analytic,1.0,26598437.750228062,0.5818458835715389,0.9565899201221676,0.6031017255104639,0.19037944921495234,2.6772483685763353,24.75333571434021,581
0,Standard Analytic,1.0,26353227.01920499,0.581911282222815,0.9562959967468017,0.60663327749766,0.1851523383678365,19.57100484127699,24.458980083465576,599
0,Standard Analytic,1.5,30971550.14597909,0.7421340392158154,0.9606686617486258,0.4133881313588707,0.14101790306454515,15.463250385187937,24.173190355300903,526
0,Standard Analytic,1.5,31091937.1721944,0.7626022407116232,0.9618816169891139,0.37140783676748623,0.12914095892970173,19.541031677206153,21.831266403198242,552
0,Standard Analytic,1.5,30948101.25751347,0.7767018799526025,0.9625481836627847,0.37178832304629106,0.12551085195488684,2.272424560530454,23.932021856307983,549
0,Standard Analytic,1.5,30994471.44431084,0.7476552990003493,0.9624051534907339,0.4305780880724578,0.14286666053449973,15.527847944702215,27.687271118164062,548
0,Standard Analytic,1.5,30851620.40511175,0.7667990001192831,0.9622061211808339,0.36812828917598656,0.1340645964430075,1.9233225336432773,23.968032598495483,536
0,Standard Analytic,1.5,31408555.144120105,0.784455898012685,0.9624867102983428,0.38041443899561284,0.13235952932060846,21.659001237406756,21.950856924057007,537
0,Standard Analytic,1.5,31219794.652863085,0.7925549422708088,0.9639107175008829,0.3209907189336327,0.13137974801339394,2.137614047707435,23.855895042419434,542
0,Standard Analytic,1.5,30725885.361068945,0.7613743910998674,0.9618084656192597,0.3811739739707001,0.1336696871049305,15.516905014263118,23.344192504882812,529
0,Standard Analytic,1.5,31231576.412793793,0.7610435969940641,0.9611966968245359,0.36544468237235156,0.12925593169912886,2.3593617226341514,22.789717197418213,543
0,Standard Analytic,1.5,31080467.559508763,0.7612442228042676,0.9607424992704611,0.38855150049279097,0.1299538355014968,15.447968479888084,22.120707035064697,527
0,Standard Analytic,1.5,31004762.89506929,0.775636520973594,0.962351072423354,0.33900536054862623,0.1296504602098,2.039810503346445,24.14483904838562,545
0,Standard Analytic,1.5,31087343.058303833,0.7392407888543614,0.960397222462862,0.40853258357039474,0.13804129659933212,15.4640695195925,20.369539737701416,547
0,Standard Analytic,1.5,31224656.978403464,0.7757037604431763,0.9629675143390407,0.3207271071196206,0.1298513758262342,2.160309530831685,23.909629821777344,555
0,Standard Analytic,1.5,31270336.898910798,0.7860438388923489,0.9625917676965767,0.3434737611176558,0.12734811754851108,15.409842642838909,27.815097332000732,544
0,Standard Analytic,1.5,31070315.26294753,0.7420167438804942,0.9610288609442662,0.4447438747128001,0.137719090716489,19.980718316418024,21.744957447052002,551
0,Standard Analytic,2.0,35401811.375741206,0.8360449731343503,0.9640893315889097,0.3282282973060348,0.12190845700960377,2.6575836749976722,23.50081968307495,537
0,Standard Analytic,2.0,35455040.85972866,0.8430571771464292,0.9645661821739573,0.2562439158257165,0.11861363142399227,3.314984054678584,23.750774383544922,537
0,Standard Analytic,2.0,35413687.54590057,0.8385725830484034,0.9643386240008057,0.35144093654970193,0.11822175262378291,15.387294679503453,24.0226092338562,529
0,Standard Analytic,2.0,35407683.765342474,0.8142173062998035,0.963664974344494,0.3468366990554635,0.13733140432201893,21.850216034308165,24.231311559677124,521
0,Standard Analytic,2.0,35245219.18874498,0.8404616828577747,0.9646511090412614,0.26536652058437404,0.12813797732825968,2.496420227402235,25.32267665863037,536
0,Standard Analytic,2.0,35752987.672507115,0.8397462768647233,0.964567845865178,0.4008255840182823,0.1268985185940602,21.676164148030747,26.630307912826538,523
0,Standard Analytic,2.0,35548868.460862435,0.8390605498494107,0.9650919432560956,0.3167350448379273,0.12352293903694406,15.367564411798865,24.002160787582397,532
0,Standard Analytic,2.0,35107323.47053447,0.8265257644973644,0.9634288954873773,0.35576582762313086,0.12759124414348175,1.980777605957382,24.878148078918457,515
0,Standard Analytic,2.0,35471883.89331502,0.8325678342867104,0.9635651523077121,0.3205933536444409,0.12384363777672691,1.766542572432057,23.009440660476685,538
0,Standard Analytic,2.0,35466458.50289884,0.8394629868735627,0.9638952199119709,0.25065220848012915,0.12234042912276512,15.414816719382591,22.988701105117798,532
0,Standard Analytic,2.0,35415464.99025468,0.8338780383211181,0.9643030688852393,0.26338003382943326,0.11660053102433358,21.66581248570495,25.687888383865356,535
0,Standard Analytic,2.0,35445182.15062177,0.825460068937893,0.9631922558666565,0.32256567756103005,0.12743523066300272,21.773308877380902,26.611724376678467,530
0,Standard Analytic,2.0,35649149.00552584,0.8345141154035328,0.9644453437761914,0.3018411727484399,0.12656501063465533,15.48577279209126,26.152539491653442,521
0,Standard Analytic,2.0,35637700.72952092,0.845181298404402,0.9646762243929727,0.2507989896019742,0.1189014565677215,15.375623541678237,23.36591863632202,539
0,Standard Analytic,2.0,35486066.612645105,0.829277483011231,0.9640087693030418,0.3828672351037676,0.11809463221844087,19.44400411122112,23.784557104110718,536
0,Standard Analytic,2.5,39577208.18472577,0.836124008366375,0.9641077844295187,0.2538106089339549,0.12571892520723255,21.728692663731263,20.603326320648193,538
0,Standard Analytic,2.5,39662563.339219816,0.8298446274896453,0.9649428588830378,0.23639727025108984,0.11566942483036978,15.473783113184458,22.513899087905884,538
0,Standard Analytic,2.5,39558171.93744213,0.8256127262434118,0.9642549848764224,0.393816829110471,0.12184425241799547,26.592024822369577,21.98355722427368,540
0,Standard Analytic,2.5,39658159.86658241,0.8106360262174702,0.9636439045061373,0.34154934816478905,0.13617610624652218,21.911264140824887,19.79982352256775,544
0,Standard Analytic,2.5,39360854.4976881,0.83087404391145,0.964782493258777,0.24766219923432287,0.12667298622918288,2.276944576837339,19.762808084487915,544
0,Standard Analytic,2.5,39916880.412333496,0.8262059481424684,0.9643052061061773,0.35662867340577126,0.12372608652823647,1.906793070634718,22.26266360282898,539
0,Standard Analytic,2.5,39701766.57252632,0.8280770049425105,0.9651749376266674,0.22884766113144853,0.12474675727869626,19.45857298154806,22.779749631881714,537
0,Standard Analytic,2.5,39294366.099166326,0.824069888837603,0.9641677822398722,0.32339911034043195,0.12876106860044592,36.41837479813663,21.364707946777344,537
0,Standard Analytic,2.5,39668447.221343204,0.8195232140654913,0.9635345060297873,0.3124242117771856,0.1273029091420284,21.699115648465117,22.186256647109985,531
0,Standard Analytic,2.5,39900855.04651326,0.8220995539633189,0.9635276329873922,0.3745349726306229,0.12440272604506974,2.6561957304399773,24.842593669891357,535
0,Standard Analytic,2.5,39529186.551621586,0.8192724441025991,0.9642819014740396,0.26521643505468473,0.11831586602269638,2.2570039787478113,23.406250715255737,527
0,Standard Analytic,2.5,39481367.434520245,0.8282641192879768,0.9640652137267546,0.25293279398563706,0.12600836744824404,27.658182369261088,22.64815878868103,536
0,Standard Analytic,2.5,39875968.016236,0.8243615133646051,0.9636490559474465,0.3319557758947352,0.12839015717945543,29.305114482596522,23.785988330841064,529
0,Standard Analytic,2.5,39853486.49017705,0.8302344365648395,0.9644913426999718,0.22430791387448837,0.12029301139432333,15.46163391980525,23.930365562438965,535
0,Standard Analytic,2.5,39710501.42376444,0.8244954250085523,0.9641812610611163,0.60938734966012,0.12524433537107155,19.950784398196536,22.738593339920044,537
0,Standard Analytic,3.0,43850114.83454783,0.7867503534714212,0.9632119928722318,0.2732975368322479,0.12958532265222727,15.457096308465118,25.014102697372437,532
0,Standard Analytic,3.0,43765890.640674174,0.7819985915525351,0.9637170249588953,0.2639414005351219,0.12504198491144947,15.615543238610671,23.36844301223755,539
0,Standard Analytic,3.0,43827516.90542656,0.7831208038671762,0.9630816928387761,0.4131657841574685,0.12353323963690854,2.712330991291701,23.289121866226196,530
0,Standard Analytic,3.0,43951437.701176114,0.7678108323185449,0.9625197577909971,0.3419044526749093,0.13684897161083268,15.624496794309447,25.687262535095215,525
0,Standard Analytic,3.0,43611960.25053032,0.7806114824909194,0.96345756610976,0.2672513488909993,0.13277163039957388,21.738532994141426,23.446602821350098,535
0,Standard Analytic,3.0,44400213.427590415,0.775817155207272,0.962787601980841,0.4672043201733392,0.13306089908320992,15.486201778356406,23.82316780090332,522
0,Standard Analytic,3.0,43977205.291147724,0.7769152618959757,0.9636880047358826,0.5112097190464348,0.1295886034291513,21.693066353731627,22.484310150146484,540
0,Standard Analytic,3.0,43599544.35343845,0.7768453751192074,0.9633680229820754,0.48934666696913404,0.1297733543056152,24.866284910460482,23.150368690490723,534
0,Standard Analytic,3.0,43951828.13024772,0.7692711238606424,0.9620911398234422,0.6228443263115357,0.1273885320565802,21.68678856250427,25.872578620910645,521
0,Standard Analytic,3.0,44121706.092900135,0.7777222989709293,0.962792486810234,0.26957085702369166,0.12590532737976357,15.49118985363315,22.55164361000061,539
0,Standard Analytic,3.0,43721045.58295153,0.7723314515860517,0.9630703043080725,0.27023038972185864,0.1284577537887903,2.5972770361077897,23.411641359329224,528
0,Standard Analytic,3.0,43838563.3556602,0.77879751238921,0.9628391990211517,0.6339999875206664,0.12649430107026588,19.888457473289225,23.25029706954956,536
0,Standard Analytic,3.0,44244520.59303963,0.7835930933354133,0.9630947404679444,0.7333790321967004,0.12745580608046278,15.666187815121333,22.205097436904907,538
0,Standard Analytic,3.0,44223530.19412553,0.769205955256511,0.9629342451144843,0.43638070528711476,0.1262451196741645,29.49915647580154,22.508280992507935,537
0,Standard Analytic,3.0,43878388.02564209,0.7805613926425748,0.9632879151951338,0.41571696554123216,0.12578729980328407,1.5005231340196594,22.256855010986328,536
